Counter,Channel1,Channel2
0,1484,1595
1,1483,1615
2,1502,1596
3,1448,1536
4,1483,1560
5,1549,1546
6,1560,1582
7,1562,1639
8,1518,1639
9,1528,1616
10,1597,1592
11,1466,1593
12,1547,1577
13,1503,1578
14,1560,1583
15,1531,1632
16,1534,1579
17,1551,1581
18,1594,1596
19,1594,1614
20,1581,1642
21,1562,1639
22,1567,1642
23,1531,1591
24,1498,1561
25,1580,1575
26,1565,1577
27,1527,1576
28,1534,1624
29,1544,1591
30,1592,1627
31,1592,1627
32,1612,1594
33,1581,1646
34,1595,1609
35,1529,1640
36,1534,1627
37,1528,1581
38,1545,1624
39,1559,1562
40,1579,1544
41,1559,1597
42,1516,1547
43,1610,1512
44,1609,1579
45,1533,1532
46,1565,1502
47,1594,1531
48,1531,1531
49,1566,1527
50,1544,1567
51,1532,1529
52,1513,1496
53,1515,1451
54,1547,1456
55,1546,1481
56,1627,1499
57,1615,1532
58,1561,1566
59,1599,1546
60,1641,1591
61,1575,1592
62,1503,1533
63,1551,1564
64,1562,1528
65,1599,1496
66,1598,1575
67,1494,1547
68,1516,1530
69,1528,1549
70,1590,1579
71,1610,1561
72,1583,1559
73,1484,1517
74,1485,1499
75,1485,1531
76,1485,1531
77,1592,1581
78,1600,1560
79,1576,1480
80,1561,1529
81,1518,1545
82,1485,1510
83,1512,1548
84,1533,1527
85,1609,1580
86,1562,1608
87,1512,1527
88,1516,1625
89,1519,1598
90,1498,1483
91,1497,1496
92,1512,1613
93,1563,1515
94,1536,1562
95,1501,1581
96,1495,1520
97,1433,1452
98,1548,1528
99,1544,1574
100,1486,1599
101,1469,1656
102,1532,1481
103,1465,1533
104,1532,1422
105,1562,1564
106,1499,1528
107,1519,1549
108,1449,1503
109,1499,1578
110,1503,1529
111,1448,1609
112,1470,1577
113,1448,1566
114,1511,1566
115,1515,1576
116,1536,1611
117,1502,1545
118,1485,1591
119,1420,1549
120,1530,1552
121,1580,1659
122,1387,1369
123,1385,1532
124,1404,1625
125,1424,1583
126,1449,1531
127,1400,1597
128,1420,1527
129,1400,1528
130,1384,1565
131,1303,1641
132,1358,1702
133,1450,1630
134,1341,1466
135,1391,1627
136,1338,1322
137,1465,1862
138,1246,1323
139,1369,1758
140,1270,1606
141,1245,1647
142,1160,1504
143,1212,1481
144,1390,1400
145,1224,1607
146,1177,1757
147,1296,1728
148,1207,1418
149,1223,1709
150,1386,1481
151,969,1383
152,968,1599
153,1088,1709
154,954,1500
155,1053,1741
156,1130,1514
157,991,1742
158,806,1612
159,950,1402
160,985,1728
161,1159,1689
162,1134,1802
163,1023,2013
164,951,1450
165,840,1709
166,701,1577
167,877,1582
168,735,1309
169,747,1560
170,764,1463
171,824,1728
172,799,1628
173,824,1547
174,807,1901
175,1288,1854
176,984,1999
177,442,1437
178,605,1339
179,557,1387
180,632,1837
181,634,1436
182,656,1593
183,680,1280
184,701,1770
185,713,1565
186,701,1817
187,635,1754
188,617,1546
189,622,1629
190,541,1510
191,647,1660
192,760,1784
193,487,1327
194,603,1719
195,798,1801
196,540,1562
197,511,1535
198,670,1645
199,635,1695
200,397,1564
201,793,1789
202,413,1454
203,526,1504
204,504,1406
205,472,1658
206,591,2016
207,732,1625
208,333,1519
209,554,1687
210,491,1527
211,511,1597
212,714,1757
213,394,1486
214,445,1482
215,512,1482
216,502,1671
217,555,1642
218,375,1981
219,543,1530
220,665,1548
221,414,1754
222,601,1804
223,411,1624
224,538,1098
225,798,1801
226,375,1719
227,479,1689
228,475,1784
229,504,1614
230,539,1679
231,556,1930
232,606,1344
233,604,1641
234,536,1498
235,683,1612
236,617,1865
237,615,1629
238,732,1757
239,528,1467
240,600,1706
241,524,1471
242,686,1392
243,669,1678
244,680,1628
245,650,1805
246,607,1704
247,508,1371
248,732,1824
249,717,1448
250,699,1575
251,749,1736
252,680,1640
253,764,1467
254,814,1718
255,814,1515
256,873,1741
257,779,1465
258,747,1581
259,751,1501
260,876,1742
261,824,1421
262,874,1598
263,1086,1564
264,863,1707
265,928,1383
266,902,1676
267,988,1691
268,938,1719
269,873,1547
270,955,1548
271,904,1655
272,940,1423
273,987,1614
274,1064,1677
275,975,1497
276,1023,1647
277,974,1609
278,985,1562
279,1054,1688
280,1004,1673
281,1067,1599
282,1099,1655
283,1049,1560
284,1083,1607
285,1098,1727
286,1066,1596
287,1065,1608
288,1111,1627
289,1119,1546
290,1128,1592
291,1129,1592
292,1118,1598
293,1178,1672
294,1144,1644
295,1164,1673
296,1208,1627
297,1178,1640
298,1177,1657
299,1196,1640
300,1142,1629
301,1165,1581
302,1161,1501
303,1198,1612
304,1207,1645
305,1225,1613
306,1258,1592
307,1230,1597
308,1176,1592
309,1208,1593
310,1208,1549
311,1225,1624
312,1230,1565
313,1273,1576
314,1263,1592
315,1231,1595
316,1209,1563
317,1208,1577
318,1215,1560
319,1260,1579
320,1304,1576
321,1304,1560
322,1305,1580
323,1260,1625
324,1293,1612
325,1352,1576
326,1306,1559
327,1274,1562
328,1280,1576
329,1304,1580
330,1302,1627
331,1320,1646
332,1325,1660
333,1303,1624
334,1338,1623
335,1343,1660
336,1385,1677
337,1385,1726
338,1323,1675
339,1328,1690
340,1366,1678
341,1386,1724
342,1357,1726
343,1401,1737
344,1357,1705
345,1389,1736
346,1405,1726
347,1374,1772
348,1350,1694
349,1371,1695
350,1351,1673
351,1367,1705
352,1402,1710
353,1432,1704
354,1434,1694
355,1390,1679
356,1352,1679
357,1366,1707
358,1400,1709
359,1439,1706
360,1467,1709
361,1436,1721
362,1421,1657
363,1464,1675
364,1487,1724
365,1480,1708
366,1449,1691
367,1433,1646
368,1448,1675
369,1424,1662
370,1462,1703
371,1469,1654
372,1434,1647
373,1437,1644
374,1452,1647
375,1452,1662
376,1469,1677
377,1481,1660
378,1480,1679
379,1469,1647
380,1421,1640
381,1422,1616
382,1463,1641
383,1478,1676
384,1468,1679
385,1449,1628
386,1450,1675
387,1455,1708
388,1465,1674
389,1468,1643
390,1468,1659
391,1480,1645
392,1453,1658
393,1480,1692
394,1467,1674
395,1469,1627
396,1485,1614
397,1499,1627
398,1487,1642
399,1484,1656
400,1463,1643
401,1464,1644
402,1469,1612
403,1496,1643
404,1513,1630
405,1552,1664
406,1511,1640
407,1450,1628
408,1502,1630
409,1496,1624
410,1485,1643
411,1480,1644
412,1550,1642
413,1518,1644
414,1455,1615
415,1481,1613
416,1512,1583
417,1499,1613
418,1496,1645
419,1456,1599
420,1513,1630
421,1496,1614
422,1502,1615
423,1535,1643
424,1558,1645
425,1465,1594
426,1484,1613
427,1530,1643
428,1502,1583
429,1483,1577
430,1511,1599
431,1452,1608
432,1450,1598
433,1518,1629
434,1576,1608
435,1544,1607
436,1516,1599
437,1528,1612
438,1547,1574
439,1519,1578
440,1497,1595
441,1515,1614
442,1499,1592
443,1468,1577
444,1479,1576
445,1502,1550
446,1515,1560
447,1485,1550
448,1527,1581
449,1518,1614
450,1485,1581
451,1467,1579
452,1528,1534
453,1545,1565
454,1496,1563
455,1499,1582
456,1544,1614
457,1561,1608
458,1504,1592
459,1496,1596
460,1513,1609
461,1544,1580
462,1501,1578
463,1527,1576
464,1565,1550
465,1450,1563
466,1513,1596
467,1527,1609
468,1531,1577
469,1564,1606
470,1528,1595
471,1532,1566
472,1563,1550
473,1499,1515
474,1498,1486
475,1503,1499
476,1518,1512
477,1561,1514
478,1530,1479
479,1534,1450
480,1576,1463
481,1545,1464
482,1550,1440
483,1529,1467
484,1483,1437
485,1545,1422
486,1548,1448
487,1498,1424
488,1486,1435
489,1545,1452
490,1565,1486
491,1596,1501
492,1581,1452
493,1534,1450
494,1564,1483
495,1564,1451
496,1499,1454
497,1514,1447
498,1513,1421
499,1500,1432
500,1534,1454
501,1562,1469
502,1544,1464
503,1560,1483
504,1577,1518
505,1613,1519
506,1564,1482
507,1517,1433
508,1528,1451
509,1534,1468
510,1549,1480
511,1565,1481
512,1530,1447
513,1502,1484
514,1514,1496
515,1551,1469
516,1576,1435
517,1560,1484
518,1545,1483
519,1499,1499
520,1544,1496
521,1516,1452
522,1533,1484
523,1534,1501
524,1534,1512
525,1546,1470
526,1567,1495
527,1551,1512
528,1532,1484
529,1567,1518
530,1575,1545
531,1514,1512
532,1533,1528
533,1528,1514
534,1562,1545
535,1575,1518
536,1565,1516
537,1520,1501
538,1517,1513
539,1533,1527
540,1551,1531
541,1551,1530
542,1549,1511
543,1559,1528
544,1560,1520
545,1549,1512
546,1547,1496
547,1527,1483
548,1548,1512
549,1548,1528
550,1530,1529
551,1545,1549
552,1563,1535
553,1576,1532
554,1576,1515
555,1581,1515
556,1598,1520
557,1591,1511
558,1560,1501
559,1550,1518
560,1563,1530
561,1564,1544
562,1565,1517
563,1561,1502
564,1563,1534
565,1565,1514
566,1564,1515
567,1567,1513
568,1568,1515
569,1563,1514
570,1551,1500
571,1548,1529
572,1546,1528
573,1562,1530
574,1578,1529
575,1575,1527
576,1568,1515
577,1559,1527
578,1546,1519
579,1546,1514
580,1560,1517
581,1561,1517
582,1562,1530
583,1549,1545
584,1550,1531
585,1563,1528
586,1550,1512
587,1545,1534
588,1545,1530
589,1550,1531
590,1534,1544
591,1530,1546
592,1528,1533
593,1528,1533
594,1531,1534
595,1564,1551
596,1565,1547
597,1549,1545
598,1530,1529
599,1516,1527
600,1513,1529
601,1517,1552
602,1528,1531
603,1551,1546
604,1547,1545
605,1559,1544
606,1552,1535
607,1545,1544
608,1533,1536
609,1529,1529
610,1544,1546
611,1531,1548
612,1532,1549
613,1544,1546
614,1547,1535
615,1566,1545
616,1548,1531
617,1534,1544
618,1544,1532
619,1546,1529
620,1549,1535
621,1560,1534
622,1565,1528
623,1559,1532
624,1549,1535
625,1550,1531
626,1536,1516
627,1516,1517
628,1514,1514
629,1532,1518
630,1533,1532
631,1550,1517
632,1549,1512
633,1536,1533
634,1530,1563
635,1532,1566
636,1527,1568
637,1514,1566
638,1517,1562
639,1518,1576
640,1503,1592
641,1516,1610
642,1529,1612
643,1518,1611
644,1530,1611
645,1530,1624
646,1520,1613
647,1503,1611
648,1499,1608
649,1498,1593
650,1516,1611
651,1499,1598
652,1500,1611
653,1500,1611
654,1497,1595
655,1496,1597
656,1471,1593
657,1468,1599
658,1470,1593
659,1468,1582
660,1480,1595
661,1469,1608
662,1466,1590
663,1479,1593
664,1481,1597
665,1484,1608
666,1485,1609
667,1481,1595
668,1469,1608
669,1464,1591
670,1469,1592
671,1472,1599
672,1467,1614
673,1455,1610
674,1464,1594
675,1482,1593
676,1486,1599
677,1481,1607
678,1469,1593
679,1465,1600
680,1465,1607
681,1466,1609
682,1456,1597
683,1447,1579
684,1448,1592
685,1436,1594
686,1450,1594
687,1433,1595
688,1418,1564
689,1402,1567
690,1405,1583
691,1416,1596
692,1401,1591
693,1416,1592
694,1418,1595
695,1422,1582
696,1416,1560
697,1404,1567
698,1400,1577
699,1390,1564
700,1404,1561
701,1402,1560
702,1387,1563
703,1404,1576
704,1417,1581
705,1420,1579
706,1407,1576
707,1406,1578
708,1401,1566
709,1372,1577
710,1368,1581
711,1367,1583
712,1359,1578
713,1367,1583
714,1384,1581
715,1416,1582
716,1438,1580
717,1436,1563
718,1440,1561
719,1437,1574
720,1438,1594
721,1465,1598
722,1453,1579
723,1497,1576
724,1519,1577
725,1528,1583
726,1513,1581
727,1517,1566
728,1532,1564
729,1559,1560
730,1578,1565
731,1582,1580
732,1593,1580
733,1629,1577
734,1688,1561
735,1710,1562
736,1719,1561
737,1711,1565
738,1726,1550
739,1711,1536
740,1706,1563
741,1759,1566
742,1835,1567
743,1887,1548
744,1928,1550
745,1963,1536
746,1978,1532
747,1976,1549
748,1993,1543
749,2030,1544
750,2059,1560
751,2064,1566
752,2092,1548
753,2105,1546
754,2106,1561
755,2124,1564
756,2104,1561
757,2076,1535
758,2075,1547
759,2122,1545
760,2168,1568
761,2188,1583
762,2201,1576
763,2191,1594
764,2222,1565
765,2266,1534
766,2239,1559
767,2280,1563
768,2319,1561
769,2315,1565
770,2318,1567
771,2319,1561
772,2360,1560
773,2383,1559
774,2381,1575
775,2380,1578
776,2395,1566
777,2411,1561
778,2396,1576
779,2392,1577
780,2392,1564
781,2429,1577
782,2441,1567
783,2456,1579
784,2441,1567
785,2456,1583
786,2461,1567
787,2479,1591
788,2494,1591
789,2496,1576
790,2477,1576
791,2504,1593
792,2508,1578
793,2521,1581
794,2555,1598
795,2571,1591
796,2570,1566
797,2526,1579
798,2537,1546
799,2478,1566
800,2507,1592
801,2553,1595
802,2539,1592
803,2527,1596
804,2520,1562
805,2536,1564
806,2557,1575
807,2590,1614
808,2586,1596
809,2536,1596
810,2537,1592
811,2556,1612
812,2572,1610
813,2569,1598
814,2538,1592
815,2537,1600
816,2540,1597
817,2519,1596
818,2540,1599
819,2524,1583
820,2523,1610
821,2553,1663
822,2526,1641
823,2527,1623
824,2557,1630
825,2588,1645
826,2555,1640
827,2521,1623
828,2536,1647
829,2552,1639
830,2554,1646
831,2541,1662
832,2510,1640
833,2504,1641
834,2509,1642
835,2523,1647
836,2521,1643
837,2491,1656
838,2502,1615
839,2491,1615
840,2477,1629
841,2474,1658
842,2445,1615
843,2463,1593
844,2487,1615
845,2447,1639
846,2463,1628
847,2410,1631
848,2394,1606
849,2411,1594
850,2393,1629
851,2378,1624
852,2366,1622
853,2379,1624
854,2365,1646
855,2378,1627
856,2360,1608
857,2329,1608
858,2334,1607
859,2315,1594
860,2285,1629
861,2286,1644
862,2329,1610
863,2316,1609
864,2319,1613
865,2313,1613
866,2297,1598
867,2297,1613
868,2270,1615
869,2265,1622
870,2264,1642
871,2248,1611
872,2222,1607
873,2234,1609
874,2223,1628
875,2232,1645
876,2232,1625
877,2220,1625
878,2183,1611
879,2173,1594
880,2173,1612
881,2171,1596
882,2157,1582
883,2127,1595
884,2127,1598
885,2136,1608
886,2109,1576
887,2091,1583
888,2093,1579
889,2088,1591
890,2078,1576
891,2088,1583
892,2076,1581
893,2057,1592
894,2041,1579
895,2042,1580
896,2077,1598
897,2046,1596
898,2030,1595
899,1982,1578
900,1997,1607
901,2010,1592
902,2009,1576
903,2015,1578
904,2011,1591
905,2009,1598
906,1992,1581
907,2000,1577
908,1978,1593
909,1961,1575
910,1961,1607
911,1932,1593
912,1928,1581
913,1950,1579
914,1949,1595
915,1960,1598
916,1950,1594
917,1930,1592
918,1897,1594
919,1887,1595
920,1900,1610
921,1872,1608
922,1868,1593
923,1867,1594
924,1867,1594
925,1880,1591
926,1867,1581
927,1850,1579
928,1834,1568
929,1820,1581
930,1823,1591
931,1822,1609
932,1803,1582
933,1756,1593
934,1784,1607
935,1819,1594
936,1839,1594
937,1855,1608
938,1853,1594
939,1817,1580
940,1817,1609
941,1805,1597
942,1788,1580
943,1783,1566
944,1787,1592
945,1783,1592
946,1756,1568
947,1791,1567
948,1818,1580
949,1803,1592
950,1821,1609
951,1806,1611
952,1799,1593
953,1789,1593
954,1774,1597
955,1784,1608
956,1768,1581
957,1739,1582
958,1757,1581
959,1739,1581
960,1708,1581
961,1720,1597
962,1725,1563
963,1740,1578
964,1755,1592
965,1772,1563
966,1786,1579
967,1771,1566
968,1769,1563
969,1743,1562
970,1704,1566
971,1726,1576
972,1722,1566
973,1710,1578
974,1678,1577
975,1720,1568
976,1726,1563
977,1707,1561
978,1693,1563
979,1705,1580
980,1704,1581
981,1689,1581
982,1691,1581
983,1704,1590
984,1720,1583
985,1704,1576
986,1711,1592
987,1706,1593
988,1703,1594
989,1673,1577
990,1675,1591
991,1660,1582
992,1660,1567
993,1673,1575
994,1673,1578
995,1671,1580
996,1656,1564
997,1658,1582
998,1641,1565
999,1640,1558
1000,1641,1580
1001,1659,1577
1002,1674,1582
1003,1673,1576
1004,1646,1608
1005,1640,1592
1006,1648,1580
1007,1657,1568
1008,1673,1576
1009,1659,1562
1010,1663,1564
1011,1646,1576
1012,1647,1546
1013,1642,1551
1014,1640,1548
1015,1639,1562
1016,1638,1560
1017,1630,1567
1018,1625,1562
1019,1609,1575
1020,1615,1566
1021,1631,1577
1022,1609,1564
1023,1597,1559
1024,1626,1579
1025,1628,1578
1026,1608,1561
1027,1611,1559
1028,1593,1546
1029,1582,1549
1030,1597,1560
1031,1595,1545
1032,1592,1534
1033,1598,1551
1034,1624,1562
1035,1630,1559
1036,1626,1547
1037,1627,1550
1038,1614,1565
1039,1608,1546
1040,1614,1548
1041,1623,1562
1042,1625,1560
1043,1614,1561
1044,1613,1562
1045,1625,1566
1046,1611,1560
1047,1594,1564
1048,1581,1549
1049,1594,1561
1050,1583,1574
1051,1582,1581
1052,1592,1562
1053,1595,1545
1054,1568,1549
1055,1577,1534
1056,1583,1533
1057,1592,1564
1058,1581,1549
1059,1547,1529
1060,1560,1544
1061,1579,1562
1062,1593,1560
1063,1581,1545
1064,1580,1557
1065,1597,1543
1066,1594,1530
1067,1595,1560
1068,1583,1550
1069,1568,1550
1070,1592,1551
1071,1583,1561
1072,1592,1547
1073,1593,1535
1074,1595,1564
1075,1583,1561
1076,1598,1562
1077,1581,1562
1078,1564,1563
1079,1574,1563
1080,1579,1551
1081,1581,1574
1082,1562,1548
1083,1579,1548
1084,1576,1551
1085,1579,1559
1086,1578,1545
1087,1576,1550
1088,1567,1535
1089,1564,1533
1090,1562,1560
1091,1552,1545
1092,1548,1535
1093,1566,1535
1094,1574,1544
1095,1578,1562
1096,1576,1548
1097,1568,1548
1098,1562,1561
1099,1565,1543
1100,1591,1548
1101,1593,1551
1102,1595,1560
1103,1584,1550
1104,1592,1550
1105,1598,1548
1106,1610,1531
1107,1583,1533
1108,1566,1531
1109,1565,1513
1110,1566,1544
1111,1580,1550
1112,1578,1544
1113,1594,1535
1114,1593,1535
1115,1595,1546
1116,1593,1546
1117,1583,1528
1118,1582,1543
1119,1565,1527
1120,1580,1532
1121,1566,1545
1122,1581,1516
1123,1579,1545
1124,1579,1562
1125,1580,1547
1126,1580,1528
1127,1592,1544
1128,1578,1549
1129,1578,1551
1130,1559,1561
1131,1560,1551
1132,1566,1549
1133,1544,1560
1134,1551,1562
1135,1562,1566
1136,1606,1547
1137,1593,1550
1138,1549,1533
1139,1469,1530
1140,1434,1565
1141,1414,1577
1142,1375,1534
1143,1366,1559
1144,1323,1563
1145,1305,1564
1146,1262,1549
1147,1230,1550
1148,1193,1544
1149,1134,1535
1150,1099,1563
1151,1055,1560
1152,1016,1528
1153,988,1518
1154,968,1516
1155,940,1516
1156,907,1513
1157,871,1526
1158,831,1533
1159,799,1534
1160,781,1530
1161,749,1529
1162,746,1547
1163,716,1533
1164,685,1532
1165,668,1543
1166,651,1530
1167,632,1517
1168,623,1502
1169,620,1500
1170,606,1513
1171,583,1499
1172,574,1504
1173,552,1528
1174,552,1531
1175,538,1518
1176,511,1516
1177,491,1519
1178,479,1513
1179,476,1515
1180,476,1516
1181,486,1512
1182,476,1512
1183,472,1519
1184,458,1500
1185,454,1485
1186,453,1482
1187,447,1469
1188,439,1478
1189,416,1502
1190,399,1504
1191,405,1483
1192,407,1484
1193,412,1483
1194,409,1453
1195,423,1472
1196,425,1498
1197,414,1500
1198,394,1486
1199,409,1480
1200,396,1465
1201,393,1434
1202,414,1438
1203,416,1455
1204,412,1463
1205,428,1455
1206,424,1447
1207,424,1449
1208,426,1433
1209,428,1439
1210,440,1423
1211,443,1422
1212,442,1431
1213,447,1424
1214,461,1418
1215,477,1416
1216,491,1400
1217,477,1399
1218,489,1405
1219,503,1417
1220,507,1424
1221,522,1422
1222,541,1432
1223,568,1435
1224,584,1421
1225,587,1417
1226,587,1432
1227,584,1435
1228,588,1422
1229,604,1432
1230,619,1451
1231,616,1449
1232,648,1438
1233,652,1451
1234,666,1462
1235,678,1456
1236,678,1465
1237,671,1464
1238,683,1454
1239,710,1464
1240,717,1479
1241,734,1469
1242,736,1465
1243,763,1470
1244,765,1470
1245,765,1470
1246,778,1479
1247,778,1470
1248,781,1468
1249,795,1472
1250,811,1477
1251,808,1468
1252,810,1467
1253,824,1468
1254,826,1479
1255,845,1470
1256,840,1469
1257,813,1464
1258,828,1451
1259,828,1450
1260,845,1465
1261,845,1462
1262,859,1449
1263,856,1465
1264,872,1466
1265,879,1454
1266,879,1471
1267,878,1481
1268,876,1470
1269,888,1471
1270,893,1481
1271,920,1483
1272,923,1481
1273,941,1483
1274,955,1482
1275,957,1470
1276,967,1478
1277,956,1471
1278,969,1470
1279,985,1485
1280,990,1496
1281,1002,1484
1282,1005,1483
1283,1020,1481
1284,1036,1481
1285,1047,1465
1286,1051,1464
1287,1049,1468
1288,1052,1483
1289,1066,1484
1290,1081,1499
1291,1067,1467
1292,1093,1470
1293,1100,1482
1294,1113,1479
1295,1116,1478
1296,1132,1470
1297,1130,1470
1298,1127,1465
1299,1144,1468
1300,1147,1470
1301,1146,1480
1302,1164,1481
1303,1165,1480
1304,1165,1484
1305,1182,1482
1306,1199,1485
1307,1180,1497
1308,1192,1484
1309,1192,1513
1310,1194,1501
1311,1211,1502
1312,1224,1484
1313,1229,1500
1314,1240,1497
1315,1244,1502
1316,1254,1503
1317,1230,1501
1318,1244,1500
1319,1242,1498
1320,1255,1503
1321,1246,1483
1322,1258,1485
1323,1274,1496
1324,1291,1498
1325,1304,1499
1326,1289,1498
1327,1288,1498
1328,1278,1499
1329,1277,1504
1330,1293,1518
1331,1304,1515
1332,1305,1502
1333,1310,1510
1334,1321,1514
1335,1322,1503
1336,1321,1497
1337,1310,1497
1338,1308,1498
1339,1322,1517
1340,1336,1514
1341,1337,1512
1342,1341,1518
1343,1350,1529
1344,1341,1520
1345,1360,1519
1346,1358,1545
1347,1343,1546
1348,1350,1546
1349,1352,1544
1350,1354,1548
1351,1342,1517
1352,1368,1531
1353,1370,1535
1354,1384,1548
1355,1386,1547
1356,1386,1549
1357,1374,1545
1358,1382,1519
1359,1386,1529
1360,1407,1545
1361,1418,1543
1362,1407,1534
1363,1416,1532
1364,1424,1514
1365,1436,1518
1366,1437,1517
1367,1419,1520
1368,1419,1517
1369,1414,1533
1370,1418,1531
1371,1432,1530
1372,1433,1519
1373,1436,1528
1374,1439,1530
1375,1452,1518
1376,1462,1518
1377,1453,1517
1378,1451,1514
1379,1435,1513
1380,1437,1531
1381,1438,1513
1382,1470,1528
1383,1472,1529
1384,1482,1518
1385,1480,1531
1386,1464,1519
1387,1450,1518
1388,1456,1513
1389,1453,1527
1390,1464,1528
1391,1465,1530
1392,1470,1532
1393,1480,1545
1394,1496,1544
1395,1499,1545
1396,1484,1529
1397,1481,1532
1398,1479,1517
1399,1471,1528
1400,1469,1529
1401,1481,1530
1402,1485,1528
1403,1487,1547
1404,1497,1547
1405,1495,1543
1406,1486,1535
1407,1481,1519
1408,1468,1517
1409,1480,1534
1410,1471,1544
1411,1468,1517
1412,1468,1518
1413,1482,1532
1414,1498,1546
1415,1496,1515
1416,1487,1518
1417,1468,1516
1418,1467,1511
1419,1480,1514
1420,1494,1535
1421,1494,1535
1422,1487,1528
1423,1495,1533
1424,1504,1536
1425,1500,1531
1426,1500,1534
1427,1498,1532
1428,1487,1529
1429,1486,1535
1430,1487,1535
1431,1502,1532
1432,1512,1543
1433,1515,1548
1434,1515,1533
1435,1529,1531
1436,1531,1516
1437,1503,1515
1438,1481,1564
1439,1466,1581
1440,1447,1594
1441,1417,1592
1442,1422,1607
1443,1400,1607
1444,1389,1632
1445,1390,1659
1446,1352,1644
1447,1338,1642
1448,1339,1657
1449,1341,1643
1450,1337,1646
1451,1337,1656
1452,1338,1671
1453,1353,1657
1454,1372,1674
1455,1384,1656
1456,1385,1644
1457,1385,1630
1458,1388,1642
1459,1389,1644
1460,1388,1658
1461,1399,1643
1462,1391,1646
1463,1386,1645
1464,1388,1644
1465,1392,1626
1466,1405,1630
1467,1401,1625
1468,1388,1628
1469,1376,1631
1470,1376,1631
1471,1357,1624
1472,1382,1610
1473,1388,1626
1474,1401,1639
1475,1419,1627
1476,1405,1629
1477,1401,1641
1478,1401,1628
1479,1390,1623
1480,1399,1624
1481,1391,1629
1482,1388,1613
1483,1390,1625
1484,1355,1630
1485,1372,1614
1486,1374,1624
1487,1353,1626
1488,1375,1613
1489,1405,1614
1490,1402,1626
1491,1405,1640
1492,1417,1626
1493,1432,1624
1494,1421,1639
1495,1418,1628
1496,1400,1624
1497,1359,1628
1498,1353,1626
1499,1352,1624
1500,1369,1611
1501,1386,1625
1502,1406,1628
1503,1422,1624
1504,1437,1612
1505,1450,1610
1506,1451,1611
1507,1419,1615
1508,1391,1612
1509,1337,1611
1510,1340,1624
1511,1384,1627
1512,1419,1609
1513,1435,1623
1514,1447,1613
1515,1420,1596
1516,1385,1597
1517,1390,1597
1518,1335,1607
1519,1304,1584
1520,1374,1599
1521,1440,1592
1522,1470,1597
1523,1485,1597
1524,1468,1613
1525,1439,1611
1526,1422,1608
1527,1390,1593
1528,1325,1614
1529,1343,1613
1530,1402,1625
1531,1417,1607
1532,1419,1580
1533,1392,1576
1534,1355,1596
1535,1374,1593
1536,1413,1577
1537,1434,1580
1538,1448,1579
1539,1452,1577
1540,1432,1597
1541,1392,1597
1542,1370,1576
1543,1383,1579
1544,1400,1595
1545,1470,1582
1546,1532,1595
1547,1562,1583
1548,1545,1581
1549,1479,1592
1550,1469,1592
1551,1500,1592
1552,1498,1608
1553,1503,1582
1554,1513,1611
1555,1608,1598
1556,1645,1582
1557,1655,1593
1558,1656,1594
1559,1678,1592
1560,1721,1577
1561,1756,1596
1562,1784,1597
1563,1752,1606
1564,1672,1591
1565,1735,1594
1566,1832,1597
1567,1913,1614
1568,1935,1600
1569,1942,1612
1570,1946,1628
1571,1965,1642
1572,1962,1624
1573,1981,1615
1574,2062,1640
1575,2040,1631
1576,2060,1638
1577,2103,1608
1578,2058,1599
1579,2122,1613
1580,2171,1655
1581,2215,1642
1582,2232,1657
1583,2263,1641
1584,2250,1630
1585,2233,1643
1586,2265,1628
1587,2281,1611
1588,2296,1626
1589,2314,1627
1590,2350,1629
1591,2343,1611
1592,2360,1626
1593,2351,1641
1594,2365,1641
1595,2377,1624
1596,2414,1625
1597,2429,1625
1598,2399,1624
1599,2444,1639
1600,2477,1640
1601,2486,1640
1602,2507,1627
1603,2527,1645
1604,2535,1628
1605,2557,1641
1606,2559,1599
1607,2540,1631
1608,2590,1629
1609,2600,1628
1610,2556,1624
1611,2599,1630
1612,2589,1613
1613,2553,1612
1614,2590,1626
1615,2618,1631
1616,2651,1643
1617,2666,1640
1618,2654,1614
1619,2665,1592
1620,2634,1593
1621,2600,1612
1622,2622,1593
1623,2664,1593
1624,2654,1597
1625,2668,1609
1626,2618,1582
1627,2652,1576
1628,2683,1576
1629,2719,1577
1630,2618,1598
1631,2560,1591
1632,2633,1580
1633,2715,1596
1634,2745,1578
1635,2727,1550
1636,2713,1533
1637,2698,1533
1638,2699,1518
1639,2671,1562
1640,2649,1561
1641,2648,1559
1642,2620,1544
1643,2632,1544
1644,2654,1550
1645,2680,1535
1646,2618,1564
1647,2630,1531
1648,2572,1533
1649,2574,1579
1650,2586,1575
1651,2571,1563
1652,2573,1548
1653,2585,1562
1654,2585,1576
1655,2571,1576
1656,2556,1576
1657,2569,1548
1658,2558,1551
1659,2574,1583
1660,2510,1568
1661,2476,1582
1662,2527,1578
1663,2568,1594
1664,2536,1565
1665,2523,1534
1666,2492,1547
1667,2539,1560
1668,2508,1547
1669,2491,1566
1670,2476,1563
1671,2474,1562
1672,2428,1568
1673,2471,1590
1674,2476,1576
1675,2487,1533
1676,2462,1517
1677,2439,1544
1678,2424,1550
1679,2414,1544
1680,2399,1562
1681,2395,1564
1682,2427,1564
1683,2412,1562
1684,2399,1576
1685,2365,1575
1686,2327,1577
1687,2281,1591
1688,2299,1560
1689,2316,1559
1690,2347,1576
1691,2332,1566
1692,2331,1597
1693,2344,1608
1694,2271,1578
1695,2238,1566
1696,2269,1576
1697,2272,1576
1698,2312,1583
1699,2280,1566
1700,2249,1562
1701,2247,1581
1702,2235,1593
1703,2249,1614
1704,2249,1608
1705,2235,1582
1706,2185,1577
1707,2171,1546
1708,2187,1547
1709,2186,1563
1710,2172,1561
1711,2158,1559
1712,2168,1583
1713,2160,1564
1714,2188,1563
1715,2200,1562
1716,2153,1560
1717,2168,1558
1718,2159,1565
1719,2120,1549
1720,2109,1559
1721,2109,1568
1722,2119,1560
1723,2111,1560
1724,2077,1546
1725,2104,1531
1726,2104,1559
1727,2079,1560
1728,2088,1548
1729,2063,1560
1730,2046,1565
1731,2043,1551
1732,2014,1535
1733,2015,1563
1734,2040,1574
1735,2014,1576
1736,2011,1577
1737,2024,1582
1738,1994,1564
1739,1982,1531
1740,1946,1549
1741,1943,1547
1742,1947,1549
1743,1903,1560
1744,1915,1567
1745,1959,1545
1746,1977,1532
1747,1932,1532
1748,1947,1517
1749,1951,1520
1750,1951,1545
1751,1946,1545
1752,1927,1544
1753,1903,1550
1754,1930,1565
1755,1912,1534
1756,1927,1535
1757,1882,1545
1758,1849,1534
1759,1852,1552
1760,1867,1559
1761,1868,1583
1762,1869,1565
1763,1884,1550
1764,1902,1550
1765,1870,1562
1766,1883,1559
1767,1864,1561
1768,1864,1558
1769,1808,1544
1770,1807,1533
1771,1772,1518
1772,1784,1534
1773,1806,1534
1774,1822,1535
1775,1816,1519
1776,1836,1518
1777,1804,1533
1778,1784,1528
1779,1754,1544
1780,1723,1546
1781,1739,1547
1782,1737,1528
1783,1784,1534
1784,1800,1547
1785,1791,1532
1786,1784,1548
1787,1756,1535
1788,1743,1531
1789,1705,1546
1790,1736,1546
1791,1719,1548
1792,1739,1544
1793,1720,1548
1794,1721,1549
1795,1726,1545
1796,1755,1527
1797,1757,1548
1798,1752,1534
1799,1720,1528
1800,1721,1549
1801,1679,1547
1802,1708,1512
1803,1723,1544
1804,1735,1545
1805,1736,1532
1806,1742,1530
1807,1737,1528
1808,1694,1530
1809,1674,1518
1810,1693,1534
1811,1692,1533
1812,1687,1533
1813,1687,1533
1814,1658,1564
1815,1662,1536
1816,1662,1549
1817,1661,1535
1818,1672,1545
1819,1695,1548
1820,1695,1560
1821,1694,1549
1822,1678,1544
1823,1677,1545
1824,1676,1536
1825,1675,1532
1826,1674,1517
1827,1657,1512
1828,1656,1515
1829,1625,1514
1830,1623,1536
1831,1640,1516
1832,1646,1545
1833,1629,1529
1834,1623,1517
1835,1626,1532
1836,1641,1518
1837,1646,1531
1838,1626,1545
1839,1598,1535
1840,1630,1535
1841,1614,1545
1842,1614,1550
1843,1629,1545
1844,1628,1545
1845,1656,1528
1846,1655,1533
1847,1626,1531
1848,1610,1545
1849,1612,1547
1850,1625,1548
1851,1609,1550
1852,1612,1547
1853,1613,1549
1854,1612,1534
1855,1608,1545
1856,1609,1531
1857,1612,1518
1858,1608,1529
1859,1582,1517
1860,1584,1529
1861,1583,1528
1862,1595,1520
1863,1599,1529
1864,1596,1533
1865,1596,1528
1866,1606,1531
1867,1592,1530
1868,1577,1518
1869,1575,1511
1870,1567,1520
1871,1592,1528
1872,1593,1526
1873,1594,1529
1874,1596,1546
1875,1598,1544
1876,1609,1532
1877,1566,1534
1878,1562,1528
1879,1545,1530
1880,1583,1548
1881,1593,1557
1882,1595,1547
1883,1597,1535
1884,1598,1529
1885,1624,1544
1886,1608,1544
1887,1583,1544
1888,1608,1534
1889,1592,1530
1890,1597,1548
1891,1596,1534
1892,1625,1546
1893,1608,1534
1894,1599,1519
1895,1600,1549
1896,1596,1546
1897,1593,1532
1898,1597,1561
1899,1579,1561
1900,1593,1548
1901,1584,1551
1902,1611,1562
1903,1609,1560
1904,1614,1562
1905,1611,1561
1906,1612,1560
1907,1627,1565
1908,1580,1559
1909,1562,1562
1910,1564,1563
1911,1592,1584
1912,1608,1590
1913,1597,1580
1914,1547,1563
1915,1497,1531
1916,1464,1533
1917,1416,1530
1918,1374,1499
1919,1336,1498
1920,1295,1497
1921,1241,1467
1922,1224,1480
1923,1198,1480
1924,1150,1482
1925,1118,1468
1926,1081,1438
1927,1064,1436
1928,1037,1433
1929,1003,1433
1930,971,1450
1931,925,1435
1932,887,1418
1933,858,1404
1934,839,1401
1935,809,1389
1936,779,1370
1937,749,1354
1938,729,1352
1939,714,1338
1940,697,1355
1941,669,1336
1942,650,1321
1943,648,1305
1944,634,1304
1945,655,1295
1946,634,1273
1947,616,1261
1948,605,1255
1949,601,1222
1950,583,1228
1951,557,1194
1952,570,1194
1953,570,1196
1954,568,1213
1955,551,1195
1956,536,1180
1957,504,1183
1958,491,1180
1959,495,1166
1960,496,1166
1961,491,1175
1962,494,1166
1963,472,1176
1964,473,1180
1965,496,1150
1966,502,1148
1967,488,1136
1968,474,1143
1969,463,1134
1970,473,1151
1971,471,1148
1972,460,1119
1973,471,1135
1974,475,1151
1975,491,1148
1976,478,1176
1977,448,1159
1978,443,1163
1979,442,1163
1980,432,1148
1981,444,1179
1982,463,1175
1983,474,1178
1984,474,1192
1985,477,1212
1986,473,1207
1987,458,1223
1988,443,1226
1989,442,1241
1990,447,1240
1991,455,1232
1992,459,1258
1993,474,1241
1994,459,1259
1995,471,1257
1996,458,1256
1997,445,1263
1998,442,1271
1999,447,1272
2000,475,1291
2001,464,1295
2002,476,1295
2003,491,1294
2004,492,1292
2005,509,1292
2006,523,1293
2007,535,1309
2008,537,1306
2009,540,1309
2010,541,1323
2011,536,1322
2012,557,1322
2013,587,1321
2014,600,1325
2015,624,1325
2016,631,1324
2017,633,1322
2018,637,1335
2019,637,1323
2020,652,1343
2021,667,1354
2022,687,1339
2023,702,1352
2024,726,1368
2025,748,1359
2026,762,1368
2027,779,1360
2028,776,1368
2029,777,1360
2030,783,1359
2031,807,1384
2032,812,1372
2033,830,1372
2034,842,1375
2035,847,1384
2036,860,1372
2037,856,1375
2038,855,1376
2039,857,1371
2040,862,1400
2041,860,1387
2042,877,1389
2043,890,1391
2044,910,1407
2045,925,1402
2046,938,1388
2047,937,1399
2048,923,1385
2049,937,1385
2050,943,1399
2051,953,1421
2052,967,1419
2053,970,1406
2054,988,1423
2055,1002,1415
2056,1001,1391
2057,1004,1401
2058,1008,1403
2059,1017,1403
2060,1035,1430
2061,1040,1424
2062,1038,1431
2063,1054,1423
2064,1070,1434
2065,1081,1436
2066,1084,1433
2067,1084,1432
2068,1082,1419
2069,1086,1419
2070,1095,1422
2071,1080,1422
2072,1098,1418
2073,1111,1434
2074,1126,1450
2075,1132,1437
2076,1148,1435
2077,1146,1435
2078,1144,1448
2079,1144,1437
2080,1148,1453
2081,1161,1454
2082,1165,1448
2083,1163,1451
2084,1168,1454
2085,1181,1465
2086,1183,1467
2087,1184,1466
2088,1176,1451
2089,1176,1452
2090,1179,1466
2091,1182,1481
2092,1179,1486
2093,1194,1468
2094,1209,1470
2095,1226,1482
2096,1225,1482
2097,1213,1480
2098,1213,1454
2099,1213,1465
2100,1215,1470
2101,1198,1464
2102,1207,1451
2103,1213,1448
2104,1226,1456
2105,1231,1467
2106,1246,1466
2107,1245,1466
2108,1232,1471
2109,1241,1470
2110,1244,1486
2111,1232,1479
2112,1247,1485
2113,1260,1479
2114,1278,1487
2115,1275,1495
2116,1278,1485
2117,1274,1485
2118,1274,1497
2119,1279,1479
2120,1278,1499
2121,1277,1488
2122,1279,1496
2123,1290,1486
2124,1292,1485
2125,1311,1496
2126,1306,1483
2127,1304,1479
2128,1296,1484
2129,1305,1481
2130,1309,1497
2131,1293,1468
2132,1310,1479
2133,1321,1472
2134,1327,1481
2135,1344,1483
2136,1352,1468
2137,1341,1467
2138,1336,1483
2139,1337,1480
2140,1339,1484
2141,1342,1496
2142,1353,1482
2143,1355,1484
2144,1352,1495
2145,1356,1472
2146,1370,1496
2147,1367,1484
2148,1353,1497
2149,1353,1483
2150,1358,1499
2151,1358,1494
2152,1369,1484
2153,1372,1496
2154,1371,1498
2155,1373,1512
2156,1385,1503
2157,1376,1501
2158,1374,1501
2159,1382,1502
2160,1369,1494
2161,1357,1495
2162,1375,1515
2163,1386,1511
2164,1401,1502
2165,1403,1499
2166,1399,1500
2167,1400,1515
2168,1404,1515
2169,1405,1516
2170,1403,1528
2171,1401,1517
2172,1403,1517
2173,1417,1527
2174,1419,1517
2175,1423,1518
2176,1420,1515
2177,1408,1512
2178,1404,1498
2179,1417,1515
2180,1418,1528
2181,1423,1518
2182,1432,1528
2183,1434,1529
2184,1450,1530
2185,1438,1519
2186,1432,1516
2187,1421,1517
2188,1423,1513
2189,1437,1531
2190,1431,1514
2191,1432,1512
2192,1437,1518
2193,1446,1516
2194,1464,1512
2195,1464,1514
2196,1451,1533
2197,1451,1526
2198,1449,1526
2199,1453,1528
2200,1440,1519
2201,1454,1516
2202,1453,1527
2203,1453,1529
2204,1466,1533
2205,1464,1515
2206,1455,1517
2207,1448,1515
2208,1450,1516
2209,1450,1516
2210,1453,1529
2211,1464,1531
2212,1466,1532
2213,1465,1529
2214,1464,1527
2215,1464,1518
2216,1465,1519
2217,1464,1513
2218,1454,1503
2219,1452,1513
2220,1431,1513
2221,1437,1503
2222,1452,1515
2223,1455,1533
2224,1482,1530
2225,1470,1529
2226,1455,1533
2227,1449,1546
2228,1464,1548
2229,1448,1545
2230,1439,1545
2231,1439,1531
2232,1437,1533
2233,1448,1531
2234,1454,1532
2235,1466,1533
2236,1454,1543
2237,1449,1533
2238,1436,1518
2239,1423,1514
2240,1434,1532
2241,1432,1532
2242,1432,1536
2243,1423,1547
2244,1450,1546
2245,1448,1532
2246,1435,1534
2247,1436,1533
2248,1416,1532
2249,1416,1545
2250,1420,1529
2251,1448,1531
2252,1471,1528
2253,1503,1533
2254,1547,1544
2255,1564,1545
2256,1550,1545
2257,1545,1547
2258,1578,1545
2259,1596,1534
2260,1608,1533
2261,1612,1574
2262,1624,1564
2263,1625,1561
2264,1640,1559
2265,1671,1536
2266,1676,1534
2267,1720,1562
2268,1767,1564
2269,1787,1567
2270,1820,1576
2271,1837,1544
2272,1834,1535
2273,1881,1563
2274,1902,1550
2275,1899,1548
2276,1942,1528
2277,1965,1519
2278,1983,1502
2279,1994,1498
2280,2012,1486
2281,2063,1494
2282,2088,1514
2283,2108,1516
2284,2104,1496
2285,2092,1499
2286,2119,1497
2287,2156,1511
2288,2169,1513
2289,2201,1502
2290,2156,1532
2291,2201,1532
2292,2186,1514
2293,2206,1547
2294,2268,1518
2295,2299,1534
2296,2315,1544
2297,2359,1547
2298,2348,1562
2299,2332,1564
2300,2345,1593
2301,2328,1597
2302,2378,1614
2303,2414,1595
2304,2462,1576
2305,2439,1563
2306,2410,1599
2307,2458,1628
2308,2506,1598
2309,2542,1631
2310,2525,1614
2311,2551,1623
2312,2552,1646
2313,2541,1644
2314,2505,1630
2315,2504,1655
2316,2535,1655
2317,2556,1659
2318,2560,1643
2319,2557,1642
2320,2622,1645
2321,2683,1675
2322,2663,1673
2323,2583,1692
2324,2621,1695
2325,2647,1692
2326,2652,1673
2327,2668,1688
2328,2669,1675
2329,2632,1689
2330,2632,1691
2331,2664,1696
2332,2685,1722
2333,2695,1722
2334,2696,1690
2335,2669,1694
2336,2686,1696
2337,2667,1688
2338,2649,1704
2339,2649,1695
2340,2608,1720
2341,2650,1707
2342,2664,1723
2343,2687,1724
2344,2699,1710
2345,2679,1705
2346,2682,1741
2347,2620,1737
2348,2585,1720
2349,2568,1742
2350,2572,1754
2351,2601,1743
2352,2634,1770
2353,2654,1768
2354,2653,1774
2355,2652,1754
2356,2633,1756
2357,2558,1738
2358,2554,1741
2359,2570,1755
2360,2541,1770
2361,2542,1785
2362,2568,1783
2363,2588,1759
2364,2558,1757
2365,2573,1768
2366,2536,1739
2367,2458,1735
2368,2429,1706
2369,2457,1756
2370,2473,1774
2371,2472,1740
2372,2473,1728
2373,2487,1724
2374,2478,1738
2375,2459,1727
2376,2447,1727
2377,2415,1720
2378,2409,1709
2379,2410,1722
2380,2411,1739
2381,2392,1757
2382,2349,1738
2383,2346,1719
2384,2350,1720
2385,2351,1705
2386,2328,1712
2387,2312,1710
2388,2302,1720
2389,2312,1739
2390,2269,1727
2391,2236,1735
2392,2265,1708
2393,2264,1692
2394,2251,1711
2395,2238,1707
2396,2183,1711
2397,2137,1721
2398,2138,1720
2399,2156,1694
2400,2185,1709
2401,2192,1703
2402,2168,1693
2403,2158,1692
2404,2166,1693
2405,2135,1691
2406,2126,1694
2407,2109,1677
2408,2104,1664
2409,2109,1689
2410,2089,1677
2411,2072,1675
2412,2046,1678
2413,2042,1688
2414,2045,1672
2415,2055,1678
2416,2010,1662
2417,1983,1659
2418,1977,1689
2419,1975,1677
2420,1982,1690
2421,1992,1676
2422,1959,1672
2423,1963,1676
2424,1981,1691
2425,2009,1673
2426,1999,1660
2427,1964,1659
2428,1945,1662
2429,1931,1656
2430,1931,1645
2431,1931,1647
2432,1916,1647
2433,1928,1657
2434,1912,1656
2435,1917,1658
2436,1869,1644
2437,1867,1647
2438,1848,1615
2439,1834,1626
2440,1854,1657
2441,1866,1647
2442,1837,1642
2443,1868,1645
2444,1886,1656
2445,1856,1614
2446,1837,1615
2447,1815,1611
2448,1833,1624
2449,1820,1632
2450,1847,1688
2451,1864,1673
2452,1852,1663
2453,1832,1695
2454,1854,1696
2455,1895,1694
2456,1855,1659
2457,1869,1689
2458,1879,1708
2459,1863,1664
2460,1820,1689
2461,1850,1691
2462,1862,1678
2463,1881,1695
2464,1871,1688
2465,1838,1687
2466,1799,1679
2467,1790,1658
2468,1815,1658
2469,1821,1657
2470,1855,1692
2471,1867,1672
2472,1886,1676
2473,1879,1689
2474,1839,1677
2475,1838,1672
2476,1854,1673
2477,1850,1677
2478,1830,1664
2479,1819,1662
2480,1806,1688
2481,1799,1679
2482,1787,1676
2483,1768,1660
2484,1743,1660
2485,1771,1647
2486,1801,1657
2487,1801,1661
2488,1802,1662
2489,1773,1641
2490,1769,1641
2491,1790,1656
2492,1773,1661
2493,1754,1656
2494,1752,1642
2495,1756,1645
2496,1760,1662
2497,1740,1627
2498,1738,1640
2499,1738,1644
2500,1736,1645
2501,1708,1646
2502,1710,1640
2503,1721,1642
2504,1722,1645
2505,1736,1628
2506,1754,1646
2507,1736,1643
2508,1704,1642
2509,1690,1624
2510,1694,1629
2511,1707,1638
2512,1724,1628
2513,1720,1627
2514,1709,1624
2515,1725,1631
2516,1710,1629
2517,1695,1622
2518,1677,1624
2519,1663,1625
2520,1661,1609
2521,1660,1616
2522,1659,1625
2523,1656,1628
2524,1690,1642
2525,1690,1624
2526,1663,1626
2527,1655,1596
2528,1657,1608
2529,1674,1626
2530,1677,1614
2531,1675,1611
2532,1660,1609
2533,1646,1614
2534,1687,1630
2535,1692,1616
2536,1642,1600
2537,1625,1611
2538,1630,1612
2539,1611,1609
2540,1611,1629
2541,1661,1625
2542,1672,1615
2543,1674,1624
2544,1657,1615
2545,1673,1624
2546,1613,1615
2547,1612,1609
2548,1629,1595
2549,1640,1593
2550,1632,1582
2551,1661,1596
2552,1671,1597
2553,1639,1596
2554,1641,1598
2555,1624,1592
2556,1632,1610
2557,1626,1593
2558,1656,1614
2559,1630,1577
2560,1625,1580
2561,1609,1594
2562,1599,1592
2563,1605,1590
2564,1629,1596
2565,1644,1592
2566,1624,1579
2567,1626,1591
2568,1598,1583
2569,1592,1595
2570,1608,1594
2571,1598,1595
2572,1591,1608
2573,1595,1595
2574,1596,1592
2575,1606,1578
2576,1592,1582
2577,1596,1578
2578,1608,1583
2579,1606,1592
2580,1594,1593
2581,1597,1594
2582,1597,1592
2583,1606,1577
2584,1625,1623
2585,1616,1584
2586,1608,1577
2587,1611,1581
2588,1595,1595
2589,1575,1583
2590,1563,1582
2591,1548,1580
2592,1566,1565
2593,1583,1578
2594,1577,1580
2595,1599,1579
2596,1608,1564
2597,1607,1560
2598,1591,1549
2599,1565,1549
2600,1576,1562
2601,1567,1567
2602,1563,1566
2603,1594,1579
2604,1592,1580
2605,1610,1582
2606,1591,1593
2607,1597,1581
2608,1593,1577
2609,1582,1566
2610,1579,1565
2611,1596,1580
2612,1583,1568
2613,1565,1581
2614,1566,1582
2615,1584,1579
2616,1591,1567
2617,1575,1579
2618,1566,1562
2619,1565,1563
2620,1566,1576
2621,1559,1581
2622,1565,1592
2623,1544,1592
2624,1560,1582
2625,1579,1578
2626,1567,1575
2627,1576,1580
2628,1559,1578
2629,1564,1565
2630,1578,1574
2631,1576,1566
2632,1576,1559
2633,1579,1579
2634,1576,1576
2635,1581,1563
2636,1577,1576
2637,1548,1560
2638,1536,1535
2639,1550,1564
2640,1551,1545
2641,1562,1559
2642,1576,1550
2643,1576,1580
2644,1577,1578
2645,1581,1577
2646,1581,1563
2647,1564,1578
2648,1575,1568
2649,1561,1561
2650,1593,1578
2651,1591,1580
2652,1579,1563
2653,1590,1566
2654,1599,1580
2655,1597,1563
2656,1599,1562
2657,1566,1563
2658,1549,1545
2659,1552,1564
2660,1576,1579
2661,1580,1578
2662,1582,1564
2663,1581,1561
2664,1593,1574
2665,1598,1564
2666,1595,1563
2667,1580,1565
2668,1581,1563
2669,1578,1563
2670,1592,1560
2671,1582,1549
2672,1551,1564
2673,1549,1576
2674,1574,1567
2675,1612,1579
2676,1627,1577
2677,1581,1561
2678,1518,1551
2679,1485,1544
2680,1465,1564
2681,1435,1566
2682,1385,1550
2683,1354,1550
2684,1310,1533
2685,1262,1500
2686,1232,1502
2687,1192,1481
2688,1160,1480
2689,1116,1484
2690,1080,1484
2691,1052,1480
2692,1015,1448
2693,968,1452
2694,936,1437
2695,904,1435
2696,889,1408
2697,844,1408
2698,824,1401
2699,792,1385
2700,748,1375
2701,729,1357
2702,702,1344
2703,702,1336
2704,701,1321
2705,699,1323
2706,684,1326
2707,654,1324
2708,632,1322
2709,606,1319
2710,603,1340
2711,591,1319
2712,587,1307
2713,575,1287
2714,585,1274
2715,585,1277
2716,573,1273
2717,566,1273
2718,526,1256
2719,511,1247
2720,522,1256
2721,508,1257
2722,507,1256
2723,508,1244
2724,508,1242
2725,508,1213
2726,509,1240
2727,492,1229
2728,489,1240
2729,490,1227
2730,478,1240
2731,490,1227
2732,503,1239
2733,508,1209
2734,512,1195
2735,526,1207
2736,519,1194
2737,507,1213
2738,493,1212
2739,489,1226
2740,476,1243
2741,479,1241
2742,475,1230
2743,456,1231
2744,459,1242
2745,472,1244
2746,447,1227
2747,444,1241
2748,431,1246
2749,427,1261
2750,424,1263
2751,413,1260
2752,415,1258
2753,413,1245
2754,413,1270
2755,429,1258
2756,429,1255
2757,412,1257
2758,397,1273
2759,407,1272
2760,409,1262
2761,413,1274
2762,411,1248
2763,426,1258
2764,438,1287
2765,456,1290
2766,458,1276
2767,463,1288
2768,475,1289
2769,472,1288
2770,490,1311
2771,503,1320
2772,511,1310
2773,523,1307
2774,538,1318
2775,555,1320
2776,560,1322
2777,571,1318
2778,569,1320
2779,573,1307
2780,589,1324
2781,607,1340
2782,631,1343
2783,638,1343
2784,651,1341
2785,668,1356
2786,697,1356
2787,688,1358
2788,696,1355
2789,709,1354
2790,698,1355
2791,731,1371
2792,744,1374
2793,761,1386
2794,778,1388
2795,793,1384
2796,797,1373
2797,808,1388
2798,809,1388
2799,809,1374
2800,814,1399
2801,825,1400
2802,842,1390
2803,840,1402
2804,845,1402
2805,874,1391
2806,870,1384
2807,860,1391
2808,858,1403
2809,874,1388
2810,878,1405
2811,891,1416
2812,906,1404
2813,919,1416
2814,936,1417
2815,953,1405
2816,959,1401
2817,956,1416
2818,951,1406
2819,954,1406
2820,955,1399
2821,972,1401
2822,988,1388
2823,1013,1407
2824,1018,1417
2825,1032,1403
2826,1033,1403
2827,1035,1401
2828,1034,1418
2829,1024,1421
2830,1037,1435
2831,1040,1438
2832,1053,1420
2833,1054,1420
2834,1069,1432
2835,1084,1436
2836,1080,1433
2837,1082,1435
2838,1085,1421
2839,1087,1407
2840,1111,1434
2841,1111,1448
2842,1116,1451
2843,1130,1455
2844,1145,1455
2845,1159,1452
2846,1159,1451
2847,1162,1449
2848,1166,1448
2849,1167,1446
2850,1166,1437
2851,1194,1451
2852,1211,1453
2853,1196,1450
2854,1214,1449
2855,1225,1439
2856,1225,1439
2857,1224,1437
2858,1209,1439
2859,1212,1440
2860,1216,1448
2861,1225,1454
2862,1228,1454
2863,1213,1451
2864,1241,1452
2865,1258,1467
2866,1255,1437
2867,1257,1463
2868,1256,1455
2869,1246,1470
2870,1257,1452
2871,1260,1464
2872,1271,1468
2873,1262,1464
2874,1274,1463
2875,1289,1468
2876,1290,1466
2877,1289,1470
2878,1287,1470
2879,1280,1478
2880,1288,1484
2881,1294,1486
2882,1304,1483
2883,1311,1479
2884,1320,1484
2885,1325,1485
2886,1327,1477
2887,1322,1479
2888,1308,1482
2889,1309,1484
2890,1325,1495
2891,1325,1496
2892,1339,1485
2893,1340,1482
2894,1342,1495
2895,1368,1481
2896,1359,1486
2897,1355,1480
2898,1351,1497
2899,1352,1480
2900,1356,1498
2901,1358,1500
2902,1371,1486
2903,1371,1497
2904,1383,1501
2905,1388,1501
2906,1383,1480
2907,1374,1486
2908,1372,1486
2909,1369,1497
2910,1358,1514
2911,1387,1512
2912,1389,1512
2913,1387,1501
2914,1388,1500
2915,1389,1510
2916,1401,1502
2917,1386,1518
2918,1389,1512
2919,1383,1500
2920,1388,1531
2921,1391,1514
2922,1389,1499
2923,1385,1498
2924,1389,1514
2925,1400,1503
2926,1414,1512
2927,1399,1514
2928,1390,1503
2929,1400,1503
2930,1391,1517
2931,1389,1528
2932,1386,1515
2933,1402,1503
2934,1402,1528
2935,1391,1528
2936,1400,1527
2937,1389,1516
2938,1400,1518
2939,1388,1519
2940,1388,1517
2941,1384,1530
2942,1384,1529
2943,1387,1518
2944,1389,1529
2945,1390,1535
2946,1383,1528
2947,1352,1517
2948,1343,1517
2949,1326,1511
2950,1342,1517
2951,1359,1531
2952,1370,1527
2953,1371,1519
2954,1368,1519
2955,1373,1530
2956,1375,1518
2957,1374,1530
2958,1375,1535
2959,1371,1530
2960,1375,1545
2961,1370,1545
2962,1405,1532
2963,1434,1532
2964,1448,1548
2965,1449,1559
2966,1439,1549
2967,1432,1546
2968,1465,1547
2969,1503,1546
2970,1531,1546
2971,1544,1562
2972,1503,1531
2973,1534,1548
2974,1549,1550
2975,1580,1564
2976,1577,1546
2977,1529,1548
2978,1594,1594
2979,1598,1577
2980,1640,1577
2981,1709,1583
2982,1720,1565
2983,1772,1578
2984,1815,1591
2985,1847,1594
2986,1898,1591
2987,1885,1626
2988,1902,1629
2989,1903,1624
2990,1931,1661
2991,1981,1678
2992,1917,1661
2993,1898,1672
2994,1979,1687
2995,2057,1692
2996,2104,1689
2997,2110,1688
2998,2152,1678
2999,2160,1660
3000,2169,1676
3001,2152,1672
3002,2183,1695
3003,2185,1687
3004,2186,1689
3005,2266,1693
3006,2280,1694
3007,2294,1689
3008,2281,1696
3009,2328,1725
3010,2345,1742
3011,2345,1757
3012,2313,1750
3013,2298,1727
3014,2329,1739
3015,2374,1772
3016,2424,1754
3017,2462,1758
3018,2478,1759
3019,2475,1752
3020,2509,1771
3021,2538,1774
3022,2536,1757
3023,2556,1786
3024,2554,1774
3025,2589,1783
3026,2617,1785
3027,2573,1785
3028,2556,1783
3029,2607,1805
3030,2623,1785
3031,2619,1790
3032,2633,1770
3033,2623,1769
3034,2635,1799
3035,2670,1773
3036,2665,1769
3037,2686,1784
3038,2639,1774
3039,2560,1788
3040,2652,1815
3041,2729,1788
3042,2764,1790
3043,2779,1784
3044,2792,1801
3045,2780,1804
3046,2731,1786
3047,2680,1783
3048,2683,1804
3049,2635,1792
3050,2619,1806
3051,2570,1806
3052,2669,1786
3053,2744,1785
3054,2751,1788
3055,2716,1801
3056,2701,1773
3057,2701,1771
3058,2715,1771
3059,2635,1784
3060,2634,1792
3061,2614,1774
3062,2603,1756
3063,2680,1758
3064,2651,1774
3065,2654,1774
3066,2654,1792
3067,2621,1772
3068,2624,1758
3069,2600,1757
3070,2575,1784
3071,2526,1754
3072,2492,1728
3073,2551,1752
3074,2573,1769
3075,2553,1743
3076,2559,1736
3077,2568,1740
3078,2526,1736
3079,2511,1722
3080,2510,1741
3081,2506,1737
3082,2507,1735
3083,2477,1726
3084,2459,1720
3085,2472,1723
3086,2458,1720
3087,2456,1707
3088,2438,1721
3089,2414,1710
3090,2413,1708
3091,2426,1711
3092,2398,1696
3093,2380,1721
3094,2396,1712
3095,2350,1703
3096,2329,1710
3097,2348,1727
3098,2343,1727
3099,2329,1735
3100,2328,1723
3101,2301,1724
3102,2331,1736
3103,2296,1722
3104,2299,1707
3105,2296,1703
3106,2270,1675
3107,2265,1722
3108,2268,1736
3109,2254,1726
3110,2254,1719
3111,2266,1742
3112,2262,1725
3113,2255,1721
3114,2263,1724
3115,2218,1721
3116,2183,1693
3117,2189,1687
3118,2237,1722
3119,2247,1692
3120,2216,1691
3121,2184,1673
3122,2155,1673
3123,2183,1692
3124,2154,1690
3125,2122,1656
3126,2138,1660
3127,2153,1661
3128,2119,1671
3129,2079,1660
3130,2062,1659
3131,2057,1656
3132,2062,1672
3133,2095,1672
3134,2104,1675
3135,2122,1695
3136,2094,1672
3137,2089,1655
3138,2048,1657
3139,2044,1671
3140,2042,1678
3141,2058,1676
3142,2042,1646
3143,2014,1639
3144,2029,1638
3145,2043,1643
3146,2027,1639
3147,1995,1631
3148,1995,1646
3149,1991,1644
3150,1981,1629
3151,1992,1655
3152,1959,1624
3153,1916,1639
3154,1913,1632
3155,1916,1641
3156,1913,1646
3157,1901,1640
3158,1897,1642
3159,1900,1644
3160,1820,1641
3161,1821,1640
3162,1839,1646
3163,1872,1658
3164,1896,1640
3165,1900,1628
3166,1895,1644
3167,1865,1623
3168,1865,1613
3169,1868,1624
3170,1850,1641
3171,1822,1624
3172,1819,1624
3173,1817,1627
3174,1830,1642
3175,1823,1631
3176,1803,1623
3177,1786,1596
3178,1775,1599
3179,1759,1615
3180,1783,1641
3181,1798,1614
3182,1788,1631
3183,1802,1640
3184,1789,1624
3185,1775,1632
3186,1791,1640
3187,1787,1629
3188,1758,1611
3189,1754,1610
3190,1738,1627
3191,1711,1630
3192,1705,1598
3193,1724,1598
3194,1783,1615
3195,1788,1597
3196,1776,1607
3197,1771,1614
3198,1721,1608
3199,1708,1608
3200,1720,1613
3201,1722,1594
3202,1758,1592
3203,1720,1595
3204,1706,1580
3205,1704,1580
3206,1707,1597
3207,1724,1583
3208,1726,1578
3209,1726,1577
3210,1706,1565
3211,1720,1579
3212,1722,1575
3213,1726,1580
3214,1741,1583
3215,1726,1591
3216,1678,1595
3217,1656,1600
3218,1688,1581
3219,1736,1598
3220,1724,1595
3221,1723,1583
3222,1710,1582
3223,1679,1577
3224,1705,1579
3225,1704,1593
3226,1680,1579
3227,1671,1567
3228,1654,1561
3229,1658,1583
3230,1644,1592
3231,1641,1595
3232,1657,1592
3233,1648,1578
3234,1661,1583
3235,1645,1582
3236,1647,1581
3237,1646,1582
3238,1626,1584
3239,1627,1575
3240,1641,1579
3241,1644,1592
3242,1629,1583
3243,1612,1579
3244,1624,1577
3245,1643,1582
3246,1645,1577
3247,1643,1580
3248,1644,1566
3249,1647,1593
3250,1646,1581
3251,1642,1578
3252,1640,1580
3253,1640,1581
3254,1629,1567
3255,1624,1567
3256,1612,1579
3257,1615,1579
3258,1613,1575
3259,1580,1582
3260,1595,1595
3261,1624,1592
3262,1626,1578
3263,1629,1593
3264,1655,1579
3265,1661,1577
3266,1647,1576
3267,1644,1576
3268,1609,1577
3269,1615,1562
3270,1615,1579
3271,1611,1549
3272,1612,1561
3273,1610,1561
3274,1630,1565
3275,1629,1565
3276,1626,1562
3277,1614,1548
3278,1614,1551
3279,1616,1551
3280,1613,1550
3281,1624,1559
3282,1639,1564
3283,1629,1561
3284,1625,1566
3285,1627,1558
3286,1625,1561
3287,1609,1561
3288,1599,1546
3289,1598,1564
3290,1611,1559
3291,1624,1545
3292,1646,1574
3293,1646,1561
3294,1599,1544
3295,1549,1516
3296,1511,1513
3297,1454,1498
3298,1417,1499
3299,1374,1486
3300,1328,1484
3301,1294,1496
3302,1246,1464
3303,1213,1466
3304,1183,1450
3305,1150,1437
3306,1129,1432
3307,1088,1417
3308,1049,1404
3309,1001,1390
3310,967,1384
3311,936,1354
3312,920,1353
3313,894,1340
3314,875,1310
3315,845,1321
3316,811,1334
3317,775,1326
3318,730,1296
3319,702,1302
3320,696,1277
3321,669,1248
3322,664,1247
3323,648,1255
3324,649,1243
3325,638,1226
3326,623,1227
3327,600,1216
3328,571,1210
3329,555,1177
3330,556,1184
3331,567,1184
3332,568,1176
3333,566,1178
3334,551,1179
3335,521,1164
3336,491,1136
3337,476,1144
3338,475,1132
3339,477,1127
3340,473,1144
3341,473,1148
3342,463,1143
3343,457,1128
3344,456,1151
3345,448,1130
3346,456,1116
3347,458,1145
3348,443,1128
3349,439,1150
3350,427,1133
3351,412,1146
3352,425,1165
3353,441,1175
3354,444,1183
3355,443,1162
3356,440,1196
3357,422,1162
3358,427,1178
3359,423,1179
3360,413,1161
3361,429,1193
3362,439,1194
3363,442,1224
3364,447,1241
3365,445,1229
3366,446,1240
3367,447,1247
3368,455,1246
3369,458,1245
3370,458,1277
3371,455,1261
3372,457,1272
3373,461,1287
3374,458,1288
3375,463,1306
3376,457,1304
3377,455,1310
3378,459,1322
3379,461,1337
3380,475,1338
3381,489,1339
3382,493,1355
3383,509,1356
3384,535,1358
3385,555,1352
3386,559,1353
3387,569,1351
3388,570,1341
3389,559,1337
3390,588,1359
3391,590,1343
3392,604,1352
3393,621,1357
3394,638,1367
3395,650,1368
3396,646,1357
3397,636,1360
3398,634,1357
3399,652,1374
3400,670,1387
3401,681,1381
3402,701,1375
3403,718,1391
3404,743,1403
3405,762,1399
3406,763,1399
3407,750,1406
3408,760,1406
3409,775,1406
3410,778,1418
3411,792,1415
3412,794,1415
3413,811,1422
3414,824,1421
3415,830,1435
3416,830,1417
3417,842,1416
3418,857,1417
3419,856,1401
3420,858,1404
3421,860,1416
3422,890,1418
3423,893,1432
3424,908,1422
3425,908,1420
3426,918,1419
3427,924,1419
3428,921,1404
3429,920,1404
3430,927,1432
3431,937,1434
3432,941,1446
3433,943,1438
3434,957,1434
3435,953,1432
3436,956,1434
3437,952,1435
3438,958,1433
3439,969,1436
3440,973,1440
3441,986,1448
3442,984,1422
3443,998,1436
3444,999,1451
3445,1002,1422
3446,1015,1436
3447,1007,1434
3448,1015,1433
3449,1016,1437
3450,1005,1438
3451,1004,1454
3452,1024,1448
3453,1023,1448
3454,1038,1450
3455,1054,1449
3456,1064,1466
3457,1053,1469
3458,1064,1464
3459,1064,1465
3460,1067,1482
3461,1070,1467
3462,1068,1467
3463,1084,1468
3464,1085,1464
3465,1098,1456
3466,1097,1454
3467,1096,1455
3468,1099,1451
3469,1111,1450
3470,1113,1468
3471,1100,1471
3472,1101,1450
3473,1117,1454
3474,1133,1471
3475,1147,1464
3476,1146,1449
3477,1127,1465
3478,1101,1454
3479,1083,1450
3480,1098,1454
3481,1101,1467
3482,1112,1465
3483,1115,1467
3484,1144,1471
3485,1152,1480
3486,1151,1483
3487,1149,1486
3488,1150,1483
3489,1145,1471
3490,1149,1469
3491,1158,1470
3492,1148,1479
3493,1135,1470
3494,1145,1479
3495,1166,1483
3496,1148,1467
3497,1146,1481
3498,1178,1496
3499,1177,1485
3500,1192,1501
3501,1192,1497
3502,1209,1486
3503,1224,1502
3504,1230,1512
3505,1229,1512
3506,1211,1513
3507,1230,1502
3508,1262,1497
3509,1261,1499
3510,1286,1528
3511,1290,1529
3512,1304,1519
3513,1307,1529
3514,1336,1520
3515,1340,1533
3516,1356,1532
3517,1416,1534
3518,1435,1500
3519,1487,1534
3520,1487,1548
3521,1514,1559
3522,1559,1534
3523,1598,1565
3524,1647,1583
3525,1630,1562
3526,1657,1544
3527,1672,1567
3528,1695,1578
3529,1705,1581
3530,1740,1581
3531,1742,1578
3532,1768,1576
3533,1775,1583
3534,1819,1565
3535,1833,1576
3536,1789,1551
3537,1834,1578
3538,1870,1563
3539,1902,1562
3540,1993,1579
3541,1998,1580
3542,1976,1562
3543,1980,1552
3544,2045,1576
3545,2108,1565
3546,2106,1576
3547,2088,1559
3548,2107,1561
3549,2157,1576
3550,2184,1583
3551,2217,1591
3552,2201,1566
3553,2189,1582
3554,2202,1597
3555,2250,1580
3556,2282,1599
3557,2300,1596
3558,2331,1596
3559,2377,1593
3560,2414,1613
3561,2411,1626
3562,2400,1612
3563,2380,1608
3564,2346,1610
3565,2381,1656
3566,2360,1672
3567,2407,1656
3568,2412,1628
3569,2442,1611
3570,2480,1644
3571,2480,1644
3572,2520,1657
3573,2540,1673
3574,2590,1690
3575,2672,1690
3576,2554,1658
3577,2494,1691
3578,2487,1677
3579,2477,1678
3580,2631,1692
3581,2683,1693
3582,2684,1696
3583,2699,1708
3584,2735,1720
3585,2712,1704
3586,2734,1706
3587,2671,1693
3588,2569,1709
3589,2522,1703
3590,2616,1723
3591,2686,1707
3592,2696,1717
3593,2684,1721
3594,2559,1741
3595,2554,1735
3596,2521,1740
3597,2570,1752
3598,2591,1755
3599,2603,1744
3600,2601,1725
3601,2614,1739
3602,2655,1739
3603,2601,1740
3604,2575,1736
3605,2587,1737
3606,2684,1728
3607,2729,1720
3608,2732,1736
3609,2652,1723
3610,2588,1726
3611,2601,1735
3612,2607,1727
3613,2575,1726
3614,2506,1735
3615,2569,1767
3616,2425,1724
3617,2367,1726
3618,2472,1726
3619,2584,1724
3620,2622,1752
3621,2607,1759
3622,2601,1736
3623,2600,1738
3624,2573,1725
3625,2535,1759
3626,2524,1739
3627,2506,1737
3628,2519,1740
3629,2447,1721
3630,2408,1768
3631,2263,1788
3632,2253,1770
3633,2391,1769
3634,2445,1752
3635,2447,1735
3636,2426,1720
3637,2441,1734
3638,2441,1739
3639,2367,1737
3640,2317,1739
3641,2317,1712
3642,2285,1692
3643,2362,1727
3644,2360,1734
3645,2392,1722
3646,2391,1727
3647,2314,1711
3648,2265,1706
3649,2256,1707
3650,2231,1740
3651,2247,1723
3652,2222,1694
3653,2264,1711
3654,2236,1722
3655,2185,1706
3656,2220,1680
3657,2281,1695
3658,2312,1695
3659,2280,1703
3660,2252,1694
3661,2222,1676
3662,2167,1658
3663,2199,1688
3664,2141,1704
3665,1980,1675
3666,1963,1679
3667,2105,1687
3668,2253,1660
3669,2248,1690
3670,2188,1672
3671,2153,1676
3672,2159,1680
3673,2202,1703
3674,2186,1694
3675,2139,1724
3676,2110,1679
3677,1916,1689
3678,2026,1679
3679,2104,1693
3680,2189,1694
3681,2073,1705
3682,2011,1660
3683,2057,1662
3684,2025,1678
3685,1991,1671
3686,2032,1644
3687,2076,1662
3688,2088,1655
3689,2048,1656
3690,2044,1662
3691,1996,1642
3692,1916,1657
3693,1868,1674
3694,1920,1673
3695,1934,1662
3696,1964,1642
3697,1976,1629
3698,2022,1646
3699,1992,1645
3700,1930,1662
3701,1943,1645
3702,1935,1630
3703,1949,1656
3704,1917,1655
3705,1883,1646
3706,1871,1641
3707,1864,1624
3708,1872,1625
3709,1870,1643
3710,1899,1645
3711,1901,1647
3712,1976,1653
3713,1887,1644
3714,1820,1630
3715,1851,1657
3716,1866,1646
3717,1836,1629
3718,1786,1627
3719,1790,1609
3720,1834,1622
3721,1886,1628
3722,1881,1624
3723,1848,1626
3724,1800,1629
3725,1833,1630
3726,1803,1615
3727,1757,1609
3728,1753,1611
3729,1774,1595
3730,1801,1615
3731,1788,1597
3732,1752,1607
3733,1741,1607
3734,1773,1616
3735,1788,1611
3736,1754,1578
3737,1758,1590
3738,1799,1576
3739,1789,1577
3740,1799,1599
3741,1775,1596
3742,1784,1598
3743,1720,1579
3744,1712,1595
3745,1757,1583
3746,1784,1582
3747,1786,1593
3748,1755,1594
3749,1708,1566
3750,1691,1611
3751,1719,1607
3752,1691,1590
3753,1709,1595
3754,1757,1592
3755,1755,1595
3756,1768,1577
3757,1741,1591
3758,1726,1591
3759,1687,1561
3760,1690,1592
3761,1710,1594
3762,1720,1582
3763,1755,1593
3764,1769,1592
3765,1753,1594
3766,1723,1593
3767,1694,1591
3768,1693,1576
3769,1710,1593
3770,1664,1598
3771,1704,1612
3772,1692,1591
3773,1695,1608
3774,1702,1608
3775,1704,1596
3776,1709,1578
3777,1676,1591
3778,1693,1591
3779,1691,1567
3780,1693,1581
3781,1679,1595
3782,1678,1593
3783,1626,1583
3784,1608,1562
3785,1693,1582
3786,1736,1567
3787,1663,1565
3788,1658,1578
3789,1659,1562
3790,1643,1576
3791,1647,1580
3792,1674,1566
3793,1690,1562
3794,1689,1579
3795,1694,1561
3796,1674,1561
3797,1630,1564
3798,1630,1549
3799,1640,1547
3800,1646,1559
3801,1662,1568
3802,1662,1565
3803,1672,1560
3804,1662,1565
3805,1655,1576
3806,1658,1560
3807,1642,1564
3808,1644,1550
3809,1631,1560
3810,1644,1577
3811,1631,1580
3812,1655,1582
3813,1662,1563
3814,1646,1579
3815,1613,1563
3816,1631,1561
3817,1644,1566
3818,1645,1560
3819,1616,1551
3820,1610,1576
3821,1598,1565
3822,1599,1560
3823,1624,1549
3824,1626,1551
3825,1643,1551
3826,1658,1547
3827,1642,1561
3828,1642,1549
3829,1647,1551
3830,1628,1563
3831,1625,1565
3832,1612,1545
3833,1627,1564
3834,1646,1577
3835,1645,1565
3836,1655,1562
3837,1646,1565
3838,1623,1547
3839,1607,1529
3840,1611,1516
3841,1616,1546
3842,1614,1532
3843,1631,1560
3844,1660,1549
3845,1675,1550
3846,1662,1545
3847,1646,1547
3848,1626,1560
3849,1625,1544
3850,1631,1562
3851,1631,1535
3852,1626,1544
3853,1627,1551
3854,1609,1543
3855,1612,1562
3856,1624,1533
3857,1640,1551
3858,1642,1559
3859,1640,1533
3860,1597,1547
3861,1544,1531
3862,1497,1498
3863,1481,1512
3864,1439,1513
3865,1420,1511
3866,1367,1468
3867,1326,1480
3868,1307,1469
3869,1257,1464
3870,1224,1467
3871,1168,1449
3872,1115,1435
3873,1087,1435
3874,1062,1406
3875,1039,1401
3876,1001,1390
3877,939,1375
3878,908,1375
3879,889,1342
3880,862,1341
3881,830,1339
3882,793,1291
3883,764,1279
3884,746,1292
3885,732,1264
3886,717,1256
3887,685,1240
3888,655,1241
3889,636,1229
3890,634,1229
3891,617,1212
3892,622,1212
3893,606,1209
3894,599,1208
3895,587,1198
3896,572,1176
3897,559,1167
3898,542,1160
3899,510,1146
3900,523,1149
3901,527,1160
3902,523,1142
3903,507,1128
3904,496,1118
3905,507,1102
3906,507,1093
3907,494,1086
3908,489,1099
3909,475,1098
3910,444,1097
3911,430,1111
3912,427,1095
3913,430,1112
3914,443,1112
3915,444,1087
3916,442,1069
3917,413,1086
3918,415,1083
3919,413,1085
3920,424,1112
3921,425,1115
3922,408,1143
3923,381,1143
3924,392,1159
3925,407,1133
3926,408,1119
3927,408,1115
3928,416,1143
3929,395,1134
3930,409,1175
3931,407,1179
3932,412,1163
3933,441,1191
3934,447,1195
3935,456,1214
3936,444,1210
3937,440,1239
3938,444,1241
3939,455,1241
3940,454,1259
3941,456,1274
3942,460,1294
3943,460,1303
3944,473,1322
3945,494,1321
3946,508,1337
3947,504,1310
3948,505,1328
3949,510,1351
3950,528,1353
3951,552,1375
3952,570,1370
3953,587,1357
3954,591,1370
3955,619,1354
3956,634,1350
3957,622,1337
3958,634,1359
3959,620,1338
3960,635,1358
3961,652,1373
3962,669,1371
3963,681,1384
3964,687,1402
3965,712,1402
3966,727,1403
3967,733,1388
3968,731,1406
3969,747,1405
3970,760,1420
3971,776,1423
3972,793,1414
3973,799,1417
3974,810,1406
3975,816,1422
3976,839,1401
3977,831,1408
3978,826,1405
3979,830,1398
3980,857,1407
3981,871,1420
3982,873,1416
3983,878,1415
3984,896,1433
3985,912,1418
3986,936,1416
3987,940,1433
3988,938,1432
3989,924,1406
3990,954,1433
3991,954,1437
3992,968,1447
3993,987,1437
3994,1004,1453
3995,1016,1450
3996,1019,1438
3997,990,1436
3998,988,1433
3999,990,1422
4000,1005,1438
4001,1020,1451
4002,1032,1449
4003,1034,1452
4004,1037,1450
4005,1050,1450
4006,1055,1449
4007,1052,1464
4008,1053,1463
4009,1066,1447
4010,1068,1456
4011,1081,1463
4012,1085,1464
4013,1082,1451
4014,1085,1469
4015,1099,1469
4016,1097,1451
4017,1084,1455
4018,1087,1450
4019,1080,1453
4020,1081,1467
4021,1103,1484
4022,1112,1477
4023,1117,1466
4024,1128,1471
4025,1129,1471
4026,1132,1470
4027,1134,1484
4028,1144,1484
4029,1136,1470
4030,1145,1485
4031,1145,1496
4032,1145,1479
4033,1136,1485
4034,1134,1497
4035,1162,1488
4036,1177,1482
4037,1177,1484
4038,1176,1484
4039,1179,1487
4040,1182,1500
4041,1194,1513
4042,1195,1516
4043,1180,1512
4044,1179,1514
4045,1195,1502
4046,1194,1500
4047,1183,1500
4048,1167,1511
4049,1152,1485
4050,1181,1499
4051,1179,1498
4052,1164,1479
4053,1159,1483
4054,1176,1497
4055,1194,1500
4056,1182,1483
4057,1159,1486
4058,1150,1485
4059,1160,1502
4060,1160,1503
4061,1167,1498
4062,1181,1496
4063,1198,1485
4064,1211,1497
4065,1207,1485
4066,1197,1485
4067,1167,1496
4068,1149,1487
4069,1145,1483
4070,1143,1499
4071,1144,1501
4072,1133,1499
4073,1132,1502
4074,1145,1527
4075,1175,1530
4076,1180,1516
4077,1192,1514
4078,1163,1527
4079,1133,1484
4080,1168,1498
4081,1180,1516
4082,1181,1530
4083,1197,1516
4084,1207,1517
4085,1213,1512
4086,1200,1498
4087,1226,1526
4088,1272,1500
4089,1308,1500
4090,1336,1514
4091,1325,1516
4092,1341,1514
4093,1273,1516
4094,1304,1534
4095,1383,1500
4096,1435,1515
4097,1469,1533
4098,1496,1546
4099,1499,1529
4100,1530,1562
4101,1579,1565
4102,1655,1548
4103,1692,1562
4104,1676,1562
4105,1723,1577
4106,1724,1579
4107,1720,1579
4108,1770,1582
4109,1760,1581
4110,1831,1608
4111,1865,1615
4112,1854,1612
4113,1870,1613
4114,1975,1625
4115,1993,1628
4116,2026,1611
4117,1964,1608
4118,1975,1615
4119,2102,1627
4120,2170,1644
4121,2106,1645
4122,2157,1613
4123,2172,1615
4124,2218,1644
4125,2247,1613
4126,2298,1645
4127,2330,1656
4128,2328,1647
4129,2285,1661
4130,2283,1645
4131,2315,1664
4132,2319,1692
4133,2363,1691
4134,2426,1692
4135,2398,1672
4136,2383,1689
4137,2445,1675
4138,2508,1691
4139,2520,1688
4140,2535,1705
4141,2572,1722
4142,2619,1704
4143,2553,1709
4144,2443,1709
4145,2456,1710
4146,2589,1707
4147,2622,1710
4148,2589,1739
4149,2589,1710
4150,2591,1742
4151,2614,1737
4152,2622,1706
4153,2696,1722
4154,2679,1751
4155,2681,1744
4156,2719,1728
4157,2714,1743
4158,2681,1707
4159,2669,1722
4160,2555,1770
4161,2556,1768
4162,2638,1753
4163,2761,1758
4164,2823,1741
4165,2813,1738
4166,2731,1754
4167,2702,1752
4168,2683,1770
4169,2649,1768
4170,2698,1798
4171,2695,1769
4172,2622,1755
4173,2618,1768
4174,2683,1785
4175,2663,1772
4176,2647,1770
4177,2621,1785
4178,2585,1775
4179,2568,1804
4180,2603,1802
4181,2617,1790
4182,2617,1804
4183,2511,1801
4184,2492,1773
4185,2571,1788
4186,2617,1784
4187,2536,1784
4188,2538,1801
4189,2574,1800
4190,2553,1786
4191,2491,1787
4192,2491,1774
4193,2508,1787
4194,2525,1800
4195,2504,1792
4196,2490,1775
4197,2432,1800
4198,2409,1776
4199,2344,1770
4200,2443,1785
4201,2489,1769
4202,2471,1786
4203,2438,1784
4204,2456,1786
4205,2457,1742
4206,2366,1772
4207,2398,1772
4208,2394,1774
4209,2382,1788
4210,2352,1791
4211,2330,1767
4212,2282,1770
4213,2298,1770
4214,2247,1801
4215,2191,1786
4216,2234,1788
4217,2251,1775
4218,2284,1759
4219,2284,1769
4220,2287,1791
4221,2302,1767
4222,2284,1742
4223,2284,1771
4224,2280,1784
4225,2184,1751
4226,2217,1758
4227,2235,1758
4228,2202,1752
4229,2208,1741
4230,2185,1770
4231,2143,1753
4232,2092,1711
4233,2104,1758
4234,2199,1755
4235,2231,1708
4236,2215,1741
4237,2204,1738
4238,2139,1709
4239,2109,1710
4240,2057,1719
4241,2075,1705
4242,2093,1711
4243,2135,1722
4244,2112,1736
4245,2104,1734
4246,2094,1742
4247,2090,1695
4248,2042,1703
4249,2062,1711
4250,2063,1728
4251,2011,1709
4252,2030,1720
4253,2013,1723
4254,2008,1720
4255,2059,1708
4256,2075,1708
4257,2046,1692
4258,2023,1677
4259,1999,1696
4260,1982,1703
4261,1979,1694
4262,1981,1721
4263,1962,1725
4264,1976,1722
4265,1998,1704
4266,1979,1711
4267,1898,1693
4268,1881,1688
4269,1930,1689
4270,1947,1711
4271,1930,1720
4272,1977,1704
4273,1977,1687
4274,1962,1690
4275,1946,1675
4276,1931,1672
4277,1912,1672
4278,1896,1659
4279,1868,1662
4280,1871,1692
4281,1882,1691
4282,1878,1663
4283,1865,1675
4284,1848,1661
4285,1848,1646
4286,1882,1659
4287,1856,1677
4288,1832,1646
4289,1790,1643
4290,1709,1662
4291,1708,1656
4292,1821,1655
4293,1832,1644
4294,1837,1644
4295,1821,1638
4296,1789,1638
4297,1758,1625
4298,1735,1624
4299,1737,1629
4300,1774,1640
4301,1785,1629
4302,1805,1628
4303,1802,1645
4304,1807,1640
4305,1815,1640
4306,1774,1631
4307,1727,1640
4308,1738,1626
4309,1774,1628
4310,1752,1629
4311,1771,1640
4312,1719,1629
4313,1680,1614
4314,1701,1644
4315,1726,1610
4316,1706,1628
4317,1642,1623
4318,1661,1610
4319,1703,1624
4320,1751,1630
4321,1721,1613
4322,1695,1610
4323,1706,1628
4324,1721,1611
4325,1724,1594
4326,1735,1596
4327,1708,1624
4328,1705,1615
4329,1660,1614
4330,1646,1615
4331,1673,1625
4332,1678,1609
4333,1689,1608
4334,1679,1615
4335,1691,1626
4336,1660,1614
4337,1623,1608
4338,1609,1615
4339,1608,1626
4340,1631,1628
4341,1692,1627
4342,1720,1610
4343,1707,1628
4344,1690,1611
4345,1676,1623
4346,1643,1592
4347,1647,1597
4348,1661,1583
4349,1625,1594
4350,1597,1581
4351,1610,1577
4352,1615,1595
4353,1640,1591
4354,1690,1596
4355,1675,1596
4356,1672,1595
4357,1629,1580
4358,1630,1592
4359,1643,1595
4360,1630,1597
4361,1639,1593
4362,1671,1594
4363,1671,1593
4364,1673,1599
4365,1647,1582
4366,1654,1593
4367,1626,1577
4368,1627,1591
4369,1630,1582
4370,1624,1580
4371,1629,1593
4372,1638,1577
4373,1614,1592
4374,1599,1596
4375,1629,1576
4376,1641,1582
4377,1624,1594
4378,1611,1582
4379,1607,1592
4380,1630,1597
4381,1614,1593
4382,1624,1593
4383,1593,1608
4384,1610,1610
4385,1640,1592
4386,1625,1566
4387,1576,1594
4388,1562,1582
4389,1576,1591
4390,1607,1599
4391,1628,1565
4392,1614,1577
4393,1597,1580
4394,1606,1591
4395,1608,1576
4396,1597,1567
4397,1592,1579
4398,1583,1566
4399,1568,1582
4400,1580,1575
4401,1577,1560
4402,1565,1566
4403,1576,1576
4404,1607,1563
4405,1607,1560
4406,1592,1550
4407,1578,1550
4408,1577,1546
4409,1576,1548
4410,1562,1534
4411,1567,1548
4412,1598,1544
4413,1611,1544
4414,1594,1559
4415,1607,1544
4416,1608,1534
4417,1598,1546
4418,1583,1534
4419,1563,1533
4420,1581,1576
4421,1584,1562
4422,1609,1548
4423,1608,1551
4424,1614,1563
4425,1629,1531
4426,1625,1545
4427,1597,1547
4428,1578,1544
4429,1577,1548
4430,1608,1560
4431,1600,1562
4432,1595,1551
4433,1574,1560
4434,1596,1577
4435,1595,1548
4436,1576,1544
4437,1549,1565
4438,1531,1548
4439,1565,1568
4440,1579,1565
4441,1598,1567
4442,1547,1549
4443,1482,1545
4444,1450,1529
4445,1434,1531
4446,1390,1517
4447,1356,1504
4448,1323,1496
4449,1278,1486
4450,1241,1502
4451,1211,1496
4452,1163,1480
4453,1130,1488
4454,1084,1453
4455,1049,1450
4456,1003,1420
4457,956,1407
4458,936,1401
4459,893,1403
4460,846,1403
4461,842,1375
4462,797,1372
4463,775,1354
4464,735,1355
4465,713,1354
4466,682,1309
4467,650,1306
4468,606,1291
4469,600,1291
4470,584,1287
4471,583,1295
4472,558,1307
4473,535,1309
4474,520,1290
4475,503,1274
4476,490,1272
4477,488,1262
4478,489,1272
4479,478,1263
4480,460,1259
4481,432,1261
4482,429,1244
4483,441,1247
4484,414,1260
4485,399,1240
4486,391,1230
4487,363,1240
4488,360,1225
4489,347,1213
4490,350,1212
4491,351,1215
4492,345,1208
4493,358,1228
4494,361,1214
4495,363,1211
4496,364,1215
4497,349,1210
4498,329,1209
4499,346,1211
4500,331,1210
4501,344,1213
4502,349,1195
4503,376,1224
4504,381,1230
4505,395,1244
4506,391,1260
4507,364,1230
4508,366,1230
4509,375,1228
4510,380,1227
4511,379,1223
4512,382,1260
4513,395,1271
4514,384,1276
4515,376,1260
4516,368,1241
4517,365,1240
4518,367,1245
4519,378,1261
4520,379,1305
4521,392,1303
4522,391,1324
4523,367,1320
4524,378,1324
4525,380,1303
4526,383,1305
4527,397,1337
4528,384,1318
4529,396,1323
4530,399,1340
4531,411,1355
4532,426,1355
4533,441,1366
4534,443,1355
4535,473,1355
4536,488,1358
4537,486,1356
4538,474,1358
4539,488,1371
4540,507,1373
4541,523,1385
4542,525,1375
4543,541,1375
4544,555,1391
4545,582,1384
4546,574,1390
4547,574,1373
4548,572,1376
4549,585,1401
4550,602,1405
4551,600,1402
4552,631,1391
4553,651,1388
4554,669,1402
4555,683,1406
4556,681,1415
4557,680,1405
4558,653,1387
4559,666,1387
4560,699,1419
4561,731,1435
4562,744,1436
4563,747,1433
4564,745,1447
4565,760,1431
4566,775,1434
4567,759,1437
4568,777,1447
4569,780,1423
4570,794,1452
4571,794,1448
4572,798,1448
4573,809,1450
4574,828,1451
4575,856,1448
4576,864,1451
4577,873,1452
4578,859,1462
4579,857,1454
4580,864,1465
4581,878,1465
4582,880,1464
4583,896,1464
4584,921,1454
4585,936,1454
4586,939,1465
4587,935,1451
4588,919,1440
4589,937,1437
4590,926,1463
4591,920,1471
4592,904,1450
4593,921,1448
4594,958,1451
4595,999,1455
4596,1005,1453
4597,1004,1466
4598,1001,1451
4599,1005,1467
4600,1034,1468
4601,1022,1463
4602,1020,1465
4603,1036,1469
4604,1050,1481
4605,1053,1466
4606,1053,1466
4607,1049,1468
4608,1024,1479
4609,1037,1482
4610,1037,1498
4611,1048,1479
4612,1063,1499
4613,1083,1500
4614,1088,1498
4615,1094,1486
4616,1097,1500
4617,1085,1496
4618,1052,1479
4619,1070,1469
4620,1099,1487
4621,1130,1495
4622,1129,1496
4623,1133,1500
4624,1131,1513
4625,1133,1494
4626,1147,1485
4627,1142,1484
4628,1118,1472
4629,1127,1484
4630,1149,1498
4631,1151,1497
4632,1146,1497
4633,1165,1500
4634,1183,1514
4635,1199,1501
4636,1196,1500
4637,1199,1498
4638,1194,1501
4639,1198,1514
4640,1215,1518
4641,1229,1511
4642,1224,1499
4643,1229,1512
4644,1228,1515
4645,1231,1498
4646,1209,1495
4647,1191,1485
4648,1193,1470
4649,1224,1479
4650,1244,1502
4651,1258,1497
4652,1258,1471
4653,1276,1496
4654,1288,1512
4655,1272,1500
4656,1278,1494
4657,1274,1483
4658,1242,1485
4659,1230,1511
4660,1255,1514
4661,1274,1519
4662,1309,1500
4663,1341,1513
4664,1384,1515
4665,1388,1514
4666,1400,1483
4667,1366,1480
4668,1369,1482
4669,1356,1516
4670,1432,1502
4671,1471,1531
4672,1511,1528
4673,1547,1503
4674,1580,1527
4675,1623,1546
4676,1641,1530
4677,1671,1514
4678,1662,1529
4679,1688,1519
4680,1696,1547
4681,1737,1560
4682,1786,1550
4683,1832,1548
4684,1822,1578
4685,1832,1578
4686,1882,1582
4687,1897,1567
4688,1960,1561
4689,2039,1551
4690,2079,1576
4691,2138,1563
4692,2156,1578
4693,2125,1592
4694,2151,1598
4695,2188,1614
4696,2223,1598
4697,2253,1611
4698,2218,1613
4699,2223,1624
4700,2300,1627
4701,2264,1626
4702,2278,1613
4703,2327,1625
4704,2406,1630
4705,2448,1644
4706,2473,1670
4707,2462,1671
4708,2474,1628
4709,2460,1596
4710,2494,1640
4711,2524,1658
4712,2556,1663
4713,2556,1656
4714,2575,1645
4715,2620,1642
4716,2601,1643
4717,2616,1655
4718,2600,1659
4719,2636,1655
4720,2638,1658
4721,2700,1672
4722,2703,1673
4723,2733,1672
4724,2748,1677
4725,2716,1656
4726,2679,1642
4727,2668,1661
4728,2666,1657
4729,2701,1661
4730,2718,1676
4731,2782,1674
4732,2731,1688
4733,2779,1705
4734,2797,1678
4735,2763,1647
4736,2766,1647
4737,2774,1689
4738,2667,1632
4739,2717,1657
4740,2764,1672
4741,2776,1678
4742,2760,1673
4743,2794,1678
4744,2792,1644
4745,2829,1656
4746,2840,1673
4747,2733,1679
4748,2650,1661
4749,2635,1660
4750,2698,1677
4751,2715,1688
4752,2696,1675
4753,2681,1675
4754,2652,1676
4755,2664,1676
4756,2670,1693
4757,2632,1687
4758,2668,1680
4759,2681,1676
4760,2655,1703
4761,2619,1710
4762,2632,1678
4763,2621,1706
4764,2649,1704
4765,2652,1693
4766,2649,1675
4767,2618,1658
4768,2602,1672
4769,2559,1673
4770,2526,1674
4771,2474,1689
4772,2445,1677
4773,2445,1663
4774,2521,1658
4775,2584,1662
4776,2632,1672
4777,2575,1645
4778,2519,1616
4779,2443,1646
4780,2439,1660
4781,2458,1679
4782,2457,1690
4783,2443,1673
4784,2440,1689
4785,2458,1674
4786,2472,1672
4787,2446,1678
4788,2414,1674
4789,2378,1695
4790,2363,1688
4791,2328,1704
4792,2328,1675
4793,2331,1675
4794,2351,1679
4795,2351,1690
4796,2328,1672
4797,2327,1690
4798,2269,1648
4799,2252,1661
4800,2267,1673
4801,2270,1673
4802,2298,1675
4803,2283,1676
4804,2234,1678
4805,2125,1672
4806,2158,1662
4807,2169,1655
4808,2232,1662
4809,2233,1656
4810,2254,1677
4811,2249,1674
4812,2184,1675
4813,2109,1675
4814,2096,1644
4815,2138,1663
4816,2157,1643
4817,2156,1672
4818,2127,1644
4819,2123,1658
4820,2125,1661
4821,2139,1673
4822,2137,1640
4823,2092,1627
4824,2076,1642
4825,2093,1657
4826,2088,1640
4827,2063,1656
4828,2046,1624
4829,2075,1611
4830,2079,1624
4831,2047,1612
4832,2047,1597
4833,2057,1629
4834,2025,1642
4835,2011,1627
4836,1990,1609
4837,1965,1594
4838,1961,1608
4839,1961,1612
4840,1979,1629
4841,1977,1628
4842,1998,1613
4843,1974,1609
4844,2014,1626
4845,2040,1628
4846,1998,1640
4847,1951,1612
4848,1934,1612
4849,1944,1631
4850,1914,1625
4851,1864,1624
4852,1867,1608
4853,1871,1630
4854,1885,1639
4855,1899,1611
4856,1884,1611
4857,1868,1608
4858,1853,1598
4859,1832,1608
4860,1839,1595
4861,1848,1608
4862,1805,1608
4863,1805,1592
4864,1817,1597
4865,1834,1581
4866,1822,1582
4867,1771,1591
4868,1726,1591
4869,1773,1577
4870,1789,1594
4871,1772,1592
4872,1804,1596
4873,1817,1608
4874,1817,1608
4875,1801,1593
4876,1784,1581
4877,1785,1577
4878,1769,1593
4879,1744,1592
4880,1736,1596
4881,1723,1598
4882,1741,1608
4883,1759,1596
4884,1742,1592
4885,1735,1582
4886,1718,1580
4887,1695,1599
4888,1709,1580
4889,1736,1578
4890,1709,1608
4891,1662,1596
4892,1693,1608
4893,1719,1608
4894,1710,1583
4895,1718,1592
4896,1736,1608
4897,1720,1597
4898,1721,1608
4899,1727,1598
4900,1754,1611
4901,1706,1614
4902,1754,1625
4903,1741,1615
4904,1742,1623
4905,1753,1614
4906,1753,1606
4907,1738,1612
4908,1721,1596
4909,1706,1597
4910,1640,1600
4911,1630,1623
4912,1641,1610
4913,1662,1593
4914,1677,1596
4915,1705,1609
4916,1688,1607
4917,1689,1599
4918,1673,1583
4919,1672,1575
4920,1689,1567
4921,1696,1595
4922,1703,1593
4923,1663,1581
4924,1673,1583
4925,1674,1566
4926,1660,1548
4927,1662,1561
4928,1612,1549
4929,1596,1560
4930,1624,1562
4931,1663,1567
4932,1662,1564
4933,1673,1548
4934,1672,1563
4935,1691,1576
4936,1687,1560
4937,1673,1559
4938,1655,1564
4939,1643,1565
4940,1643,1576
